This file was created by CMPT_ME_BEME_OP_INV_RETS using the 202208 CRSP database.,,,,,,,,
The 1-month TBill return is from Ibbotson and Associates Inc.,,,,,,,,
,,,,,,,,
String,Mkt-RF,SMB,HML,RMW,CMA,RF,Mom,Date
196307,-0.39,-0.41,-0.97,0.68,-1.18,0.27,0.9,7/1/1963
196308,5.07,-0.8,1.8,0.36,-0.35,0.25,1.01,8/1/1963
196309,-1.57,-0.52,0.13,-0.71,0.29,0.27,0.19,9/1/1963
196310,2.53,-1.39,-0.1,2.8,-2.01,0.29,3.12,10/1/1963
196311,-0.85,-0.88,1.75,-0.51,2.24,0.27,-0.74,11/1/1963
196312,1.83,-2.1,-0.02,0.03,-0.07,0.29,1.75,12/1/1963
196401,2.24,0.13,1.48,0.17,1.47,0.3,0.86,1/1/1964
196402,1.54,0.28,2.81,-0.05,0.91,0.26,0.26,2/1/1964
196403,1.41,1.23,3.4,-2.21,3.22,0.31,0.75,3/1/1964
196404,0.1,-1.52,-0.67,-1.27,-1.08,0.29,-0.58,4/1/1964
196405,1.42,-0.63,1.86,-0.16,0.17,0.26,2.57,5/1/1964
196406,1.27,0.29,0.62,-0.28,-0.17,0.3,0.46,6/1/1964
196407,1.74,0.5,0.75,0.08,1.91,0.3,-0.35,7/1/1964
196408,-1.44,0.41,0.08,0.12,0.35,0.28,-0.22,8/1/1964
196409,2.69,-0.34,1.7,-0.56,0.62,0.28,-0.41,9/1/1964
196410,0.59,0.87,1.17,-0.43,0.47,0.29,0.08,10/1/1964
196411,0,-0.15,-1.96,0.63,-0.26,0.29,1.03,11/1/1964
196412,0.03,-0.69,-2.48,1.07,-1.5,0.31,-0.74,12/1/1964
196501,3.54,2.44,0.12,0.91,0.1,0.28,-1.44,1/1/1965
196502,0.44,3.31,0.11,0.23,-0.68,0.3,0.32,2/1/1965
196503,-1.34,2.12,1.03,-0.32,0.69,0.36,0.15,3/1/1965
196504,3.11,1.05,0.66,0.3,-2.2,0.31,2.63,4/1/1965
196505,-0.77,0.1,-1.61,-0.45,0.53,0.31,0.6,5/1/1965
196506,-5.51,-4.28,0.59,0.22,0.37,0.35,-3.13,6/1/1965
196507,1.43,1.08,2.2,-1.37,0.03,0.31,4.1,7/1/1965
196508,2.73,2.71,-1,1.9,-0.74,0.33,2.58,8/1/1965
196509,2.86,0.62,-0.13,-0.89,0.8,0.31,3.3,9/1/1965
196510,2.6,3.47,1.56,1.17,-0.65,0.31,3.46,10/1/1965
196511,-0.03,5.19,0.15,-1.01,-0.94,0.35,4.45,11/1/1965
196512,1.01,2.66,2.03,-1.14,-0.53,0.33,0.12,12/1/1965
196601,0.72,4.68,3.56,-2.82,-0.11,0.38,5.39,1/1/1966
196602,-1.21,4.71,0.33,-0.17,-1.49,0.35,4.57,2/1/1966
196603,-2.51,0.32,-1.98,1.3,0.06,0.38,1.42,3/1/1966
196604,2.14,3.35,-0.46,0.39,-0.95,0.34,6.28,4/1/1966
196605,-5.66,-5.1,-1.63,1.64,-1.52,0.41,-4.7,5/1/1966
196606,-1.44,1.37,0.5,0.15,0.78,0.38,3.25,6/1/1966
196607,-1.63,-0.41,0.95,-0.36,1.79,0.35,-1.34,7/1/1966
196608,-7.91,-3.12,0.43,-0.09,0.8,0.41,-2.14,8/1/1966
196609,-1.06,-1.14,0.56,-1.68,2.37,0.4,-1.84,9/1/1966
196610,3.86,-6.45,2.69,-3.48,4.25,0.45,-5.26,10/1/1966
196611,1.4,3.34,-4.69,4.13,-6.62,0.4,5.72,11/1/1966
196612,0.13,2.02,-1.19,0.7,-0.34,0.4,1.06,12/1/1966
196701,8.15,9.1,2.27,0.96,-3.16,0.43,-6.93,1/1/1967
196702,0.78,3.06,-2.22,1.99,-0.99,0.36,3.52,2/1/1967
196703,3.99,1.87,0.37,0.86,-1.6,0.39,1.53,3/1/1967
196704,3.89,0.43,-2.48,2.33,-3.67,0.32,0.59,4/1/1967
196705,-4.33,2.29,1.09,-1.73,1.73,0.33,0.72,5/1/1967
196706,2.41,6.43,0.85,-0.62,-2.42,0.27,6,6/1/1967
196707,4.58,3.54,2.73,0.48,2.7,0.31,-1.07,7/1/1967
196708,-0.89,0.72,1.44,0.3,1.45,0.31,-1.38,8/1/1967
196709,3.11,2.44,-2.5,0.2,-0.95,0.32,2.52,9/1/1967
196710,-3.09,0.53,-3.3,1.01,-2.62,0.39,3.67,10/1/1967
196711,0.37,-0.04,-1.7,1.34,-2.34,0.36,1.26,11/1/1967
196712,3.05,5.75,-0.53,-0.81,0.13,0.33,3.25,12/1/1967
196801,-4.06,4.51,4.8,-4.62,6.46,0.4,-4.7,1/1/1968
196802,-3.75,-2.91,1.28,-0.16,2.45,0.39,-3.43,2/1/1968
196803,0.2,-1.59,-0.59,1.05,-1.1,0.38,3.23,3/1/1968
196804,9.05,6.18,-1.13,2.69,-3.65,0.43,5.09,4/1/1968
196805,2.28,7,0.85,0.43,-1.92,0.45,3.8,5/1/1968
196806,0.69,-0.28,0.73,-1.41,2.76,0.43,-1.9,6/1/1968
196807,-2.72,-1.41,5.39,-3.13,3.72,0.48,-0.88,7/1/1968
196808,1.34,2.27,1.01,-0.7,0.48,0.42,1.89,8/1/1968
196809,4.03,2.81,0.3,-1.99,0.87,0.43,-0.65,9/1/1968
196810,0.42,-0.42,2.86,-1.32,2.7,0.44,-1.46,10/1/1968
196811,5.43,2.39,-0.92,0.43,-2.43,0.42,1.75,11/1/1968
196812,-3.94,3.52,-0.01,-1.86,1.76,0.43,-0.01,12/1/1968
196901,-1.25,-0.44,1.67,-1.55,1.38,0.53,-0.17,1/1/1969
196902,-5.84,-4.16,0.91,2.07,0.83,0.46,-2.36,2/1/1969
196903,2.64,-0.45,-0.51,-1.43,-0.35,0.46,3.97,3/1/1969
196904,1.46,-0.8,-0.03,0.41,0.06,0.53,1.13,4/1/1969
196905,-0.1,-0.11,0.7,-0.95,1.39,0.48,1.7,5/1/1969
196906,-7.18,-5.45,-1.08,4.32,-1.6,0.51,-2.3,6/1/1969
196907,-7,-3.41,1.2,1.48,1.91,0.53,1.71,7/1/1969
196908,4.68,0.7,-3.79,1.13,-4.02,0.5,2.17,8/1/1969
196909,-2.98,1.29,-3.27,3.39,-0.82,0.62,2.52,9/1/1969
196910,5.06,3.96,-3.16,0.05,-2.15,0.6,-4.31,10/1/1969
196911,-3.79,-2.45,-1.19,1.46,0.3,0.52,3.66,11/1/1969
196912,-2.63,-3.76,-2.86,2.54,-1.81,0.64,4.96,12/1/1969
197001,-8.1,3.12,3.13,-1.72,3.84,0.6,0.6,1/1/1970
197002,5.13,-2.76,3.93,-2.29,2.76,0.62,0.23,2/1/1970
197003,-1.06,-2.41,3.99,-1,4.29,0.57,-0.36,3/1/1970
197004,-11,-6.4,6.18,-0.64,6.21,0.5,-0.77,4/1/1970
197005,-6.92,-4.48,3.33,-1.21,3.9,0.53,-2.78,5/1/1970
197006,-5.79,-2.2,0.6,0.13,2.96,0.58,5.7,6/1/1970
197007,6.93,-0.62,0.9,-0.26,1.84,0.52,-3.14,7/1/1970
197008,4.49,1.52,1.15,0.56,-0.21,0.53,-6.55,8/1/1970
197009,4.18,8.51,-5.47,0.3,-5.83,0.54,-8.8,9/1/1970
197010,-2.28,-4.43,0.22,1.71,2.34,0.46,9.42,10/1/1970
197011,4.6,-3.86,1.69,1.57,1.47,0.46,2.73,11/1/1970
197012,5.72,2.94,1,0.27,0.3,0.42,-2.23,12/1/1970
197101,4.84,7.54,1.33,-1.99,0.07,0.38,-6.51,1/1/1971
197102,1.41,2.04,-1.23,0.62,-0.7,0.33,0.79,2/1/1971
197103,4.13,2.26,-3.95,1.82,-2.71,0.3,-1.41,3/1/1971
197104,3.15,-0.36,0.69,-1.47,0.87,0.28,1.41,4/1/1971
197105,-3.98,-1.11,-1.44,1.4,0.25,0.29,0.86,5/1/1971
197106,-0.1,-1.48,-1.87,1.53,-1.64,0.37,2.73,6/1/1971
197107,-4.5,-1.39,0.02,0.64,1.46,0.4,-2.35,7/1/1971
197108,3.79,-0.16,2.63,-0.43,2.64,0.47,3.61,8/1/1971
197109,-0.85,0.28,-2.91,2.56,-1.58,0.37,2.12,9/1/1971
197110,-4.42,-1.6,-0.48,1.62,-1.35,0.37,0.47,10/1/1971
197111,-0.46,-2.86,-1.68,2.44,-0.34,0.37,1.51,11/1/1971
197112,8.71,3.27,-0.4,-0.4,-1.75,0.37,-0.58,12/1/1971
197201,2.49,6.1,2.24,-1.69,0.55,0.29,0.17,1/1/1972
197202,2.87,0.87,-2.79,1.61,-0.52,0.25,2.54,2/1/1972
197203,0.63,-0.43,-1.61,1.63,-0.18,0.27,2.94,3/1/1972
197204,0.29,0.23,0.12,-0.42,-1.03,0.29,2.81,4/1/1972
197205,1.25,-3.1,-2.7,2.34,-1.95,0.3,3.29,5/1/1972
197206,-2.43,-0.43,-2.48,1.88,-0.36,0.29,1.9,6/1/1972
197207,-0.8,-2.77,0.66,1.14,-0.66,0.31,2.75,7/1/1972
197208,3.26,-3.48,4.54,-1.96,2.85,0.29,-5.4,8/1/1972
197209,-1.14,-2.23,0.46,1.68,-1.97,0.34,1.82,9/1/1972
197210,0.52,-2.54,1.34,-0.15,0.02,0.4,0.71,10/1/1972
197211,4.6,-0.62,4.85,-1.95,3.37,0.37,-5.09,11/1/1972
197212,0.62,-1.89,-2.19,2.6,-2.16,0.37,4.92,12/1/1972
197301,-3.29,-2.81,2.68,0.42,0.9,0.44,3.73,1/1/1973
197302,-4.85,-3.91,1.6,-0.26,0.02,0.41,2.16,2/1/1973
197303,-1.3,-2.33,2.62,-1.07,0.62,0.46,3.59,3/1/1973
197304,-5.68,-2.9,5.41,-1.58,2.6,0.52,6.36,4/1/1973
197305,-2.94,-6.17,0.41,1.95,-1.57,0.51,7.14,5/1/1973
197306,-1.57,-2.48,1.2,-0.21,0.11,0.51,4.3,6/1/1973
197307,5.05,7.26,-5.31,-0.05,-3.28,0.64,-11.57,7/1/1973
197308,-3.82,-1.84,1.24,-1.31,1.3,0.7,3.46,8/1/1973
197309,4.75,3.6,2.01,-2.33,1.77,0.68,-7,9/1/1973
197310,-0.83,-0.38,1.94,-1.9,2.71,0.65,6.87,10/1/1973
197311,-12.75,-7.28,3.87,-2.63,1.73,0.56,8.66,11/1/1973
197312,0.61,-4.69,3.85,-2.78,2.48,0.64,10.38,12/1/1973
197401,-0.17,10.41,6.02,-3.07,4.42,0.63,-8.85,1/1/1974
197402,-0.47,0.06,2.81,-1.87,2.63,0.58,0.32,2/1/1974
197403,-2.81,2.65,-0.32,2.8,0.44,0.56,-1.05,3/1/1974
197404,-5.29,-0.7,0.85,2.87,2.09,0.75,2.11,4/1/1974
197405,-4.68,-3.07,-2.02,4.95,-0.42,0.75,-0.39,5/1/1974
197406,-2.83,0,0.77,0.57,2.94,0.6,2.31,6/1/1974
197407,-8.05,1.92,5.16,-3.25,4.6,0.7,3.11,7/1/1974
197408,-9.35,0.26,2.64,-0.28,2.59,0.6,3,8/1/1974
197409,-11.77,1.48,5.58,-4.44,5.91,0.81,4.24,9/1/1974
197410,16.1,-6.82,-9.87,-0.21,-2.86,0.51,-0.54,10/1/1974
197411,-4.51,-1.48,-0.2,-3.37,2.92,0.54,2.13,11/1/1974
197412,-3.45,-4.35,0.11,-0.68,3.25,0.7,2.92,12/1/1974
197501,13.66,12.91,8.28,-0.78,-0.9,0.58,-13.82,1/1/1975
197502,5.56,-0.65,-4.44,1.16,-2.1,0.43,-0.61,2/1/1975
197503,2.66,4,2.38,1.26,-1.33,0.41,-2.04,3/1/1975
197504,4.23,-0.71,-1.14,1.41,-1.34,0.44,1.38,4/1/1975
197505,5.19,2.89,-4.1,-0.98,-0.6,0.44,-0.58,5/1/1975
197506,4.83,1.43,1.38,-2.66,1.06,0.41,0.04,6/1/1975
197507,-6.59,3.44,1.69,0.46,1.22,0.48,0.42,7/1/1975
197508,-2.85,-2.84,-0.95,1.11,-0.93,0.48,-0.1,8/1/1975
197509,-4.26,0.05,0.39,0.53,0.55,0.53,0.41,9/1/1975
197510,5.31,-4.23,0.28,-0.49,2.26,0.56,-0.16,10/1/1975
197511,2.64,-1.09,2.03,-0.68,1.75,0.41,-0.45,11/1/1975
197512,-1.6,-0.05,1.69,-0.09,0.57,0.48,-0.11,12/1/1975
197601,12.16,6.34,8.63,-1.79,2.28,0.47,4.45,1/1/1976
197602,0.32,7.99,5.87,-2.64,3.87,0.34,0.38,2/1/1976
197603,2.32,-1.38,-0.12,-0.33,0.96,0.4,0.15,3/1/1976
197604,-1.49,0.08,-0.16,0.4,-1.1,0.42,0.59,4/1/1976
197605,-1.34,-1.1,-1.36,2.46,-1.41,0.37,-1.12,5/1/1976
197606,4.05,-1.07,0.71,-0.68,1.02,0.43,-0.42,6/1/1976
197607,-1.07,0.63,1.73,-1.05,0.28,0.47,-0.13,7/1/1976
197608,-0.56,-1.98,0.81,-0.42,-0.55,0.42,-0.85,8/1/1976
197609,2.07,0.1,-0.29,0.98,-1.15,0.44,0.22,9/1/1976
197610,-2.42,0.13,-0.18,-0.19,-0.37,0.41,-0.44,10/1/1976
197611,0.36,2.66,1.51,-1.41,0.09,0.4,2.91,11/1/1976
197612,5.65,3.64,2.27,-0.61,2.28,0.4,0.73,12/1/1976
197701,-4.05,5.9,4.27,-0.51,1.97,0.36,4,1/1/1977
197702,-1.94,1.07,0.47,-0.16,-0.22,0.35,0.36,2/1/1977
197703,-1.37,1.31,1.09,-0.3,-0.06,0.38,0.55,3/1/1977
197704,0.15,0.61,3.38,-2.01,1.14,0.38,4.21,4/1/1977
197705,-1.45,1.31,0.85,0.33,0.19,0.37,2.03,5/1/1977
197706,4.71,2.08,-0.74,0.91,-1.2,0.4,1.66,6/1/1977
197707,-1.69,1.88,-0.56,0.73,0.09,0.42,0.32,7/1/1977
197708,-1.75,0.86,-2.7,0.98,-0.66,0.44,-1.7,8/1/1977
197709,-0.27,1.43,-0.52,1.43,-0.84,0.43,2,9/1/1977
197710,-4.38,1.48,1.75,-0.2,-0.3,0.49,-0.08,10/1/1977
197711,4,3.64,0.26,-0.13,0.73,0.5,2.01,11/1/1977
197712,0.27,1.59,-0.29,0.92,-0.69,0.49,1.58,12/1/1977
197801,-6.01,2.72,3.36,-1.72,1.52,0.49,-0.66,1/1/1978
197802,-1.38,3.7,0.83,0.3,1.01,0.46,1.97,2/1/1978
197803,2.85,3.71,1.18,-0.59,1.89,0.53,1.37,3/1/1978
197804,7.88,-0.26,-3.54,2.81,-1.26,0.54,0.86,4/1/1978
197805,1.76,4.58,-0.52,0.22,0.41,0.51,2.83,5/1/1978
197806,-1.69,1.56,0.57,-1.4,-0.07,0.54,2.74,6/1/1978
197807,5.11,0.12,-1.15,1.55,-0.78,0.56,4.17,7/1/1978
197808,3.75,4.95,-0.51,1.43,0.46,0.56,2.83,8/1/1978
197809,-1.43,-0.32,1.89,-0.67,1.78,0.62,-3.14,9/1/1978
197810,-11.91,-10.02,1.38,0.12,0.94,0.68,-8.46,10/1/1978
197811,2.71,2.81,-2.15,1.13,-1.17,0.7,5.45,11/1/1978
197812,0.88,1.13,-2.13,2.01,-1.32,0.78,3.03,12/1/1978
197901,4.23,3.78,2.19,-2.47,1.52,0.77,-1.36,1/1/1979
197902,-3.56,0.54,1.17,-1.12,0.94,0.73,-1.06,2/1/1979
197903,5.68,3.24,-0.71,0.53,0.32,0.81,2.93,3/1/1979
197904,-0.06,2.37,1.12,1.08,0.17,0.8,0.81,4/1/1979
197905,-2.21,0.18,1.31,-1.54,-0.27,0.82,-0.54,5/1/1979
197906,3.85,1,1.44,-1.66,-0.52,0.81,0.84,6/1/1979
197907,0.82,1.27,1.86,-0.29,0.71,0.77,-1.07,7/1/1979
197908,5.53,1.92,-1.58,1.62,-1.48,0.77,-0.2,8/1/1979
197909,-0.82,-0.32,-0.9,1.01,0.32,0.83,5.28,9/1/1979
197910,-8.1,-3.5,-1.84,1.01,0.07,0.87,2.01,10/1/1979
197911,5.21,2.53,-3.29,0.06,-2.12,0.99,8.14,11/1/1979
197912,1.79,4.32,-2.1,-0.7,-0.92,0.95,4.78,12/1/1979
198001,5.51,1.83,1.75,-1.7,1.64,0.8,7.55,1/1/1980
198002,-1.22,-1.57,0.61,0.04,2.68,0.89,7.88,2/1/1980
198003,-12.9,-6.93,-1.01,1.46,-1.19,1.21,-9.55,3/1/1980
198004,3.97,1.05,1.06,-2.1,0.29,1.26,-0.43,4/1/1980
198005,5.26,2.11,0.38,0.34,-0.31,0.81,-1.12,5/1/1980
198006,3.06,1.41,-0.76,-0.15,-1.26,0.61,1.62,6/1/1980
198007,6.49,3.82,-6.41,4.06,-2.43,0.53,0.39,7/1/1980
198008,1.8,4.25,-2.6,2.06,-0.86,0.64,3.21,8/1/1980
198009,2.19,0.67,-4.59,1.91,-2.76,0.75,5.39,9/1/1980
198010,1.06,2.33,-2.76,1.65,-1.15,0.95,7.3,10/1/1980
198011,9.59,-3.31,-8.33,4.5,-5.66,0.96,15.22,11/1/1980
198012,-4.52,-0.29,2.79,-1.29,1.24,1.31,-6.68,12/1/1980
198101,-5.04,3.29,6.72,-3.51,4.33,1.04,-7.95,1/1/1981
198102,0.57,-0.5,1.02,0.21,2.22,1.07,-1.35,2/1/1981
198103,3.56,3.02,0.64,-2.24,-0.54,1.21,0.74,3/1/1981
198104,-2.11,4.59,2.28,0.83,1.24,1.08,-0.91,4/1/1981
198105,0.11,2.45,-0.42,0.3,-1.53,1.15,3.7,5/1/1981
198106,-2.36,-0.96,5.13,-1.37,2.66,1.35,-5.81,6/1/1981
198107,-1.54,-2.05,-0.5,1.26,-2.54,1.24,-2.45,7/1/1981
198108,-7.04,-1.81,4.76,-0.32,1.41,1.28,-1.15,8/1/1981
198109,-7.17,-2.45,5.17,0.08,2.63,1.24,1.95,9/1/1981
198110,4.92,2.37,-4.21,3.15,-3.01,1.21,4.01,10/1/1981
198111,3.36,-1.51,1.83,0.08,0.95,1.07,-0.27,11/1/1981
198112,-3.65,1.2,0.81,0.22,2.5,0.87,1.3,12/1/1981
198201,-3.24,-1.14,3.19,-1.49,1.92,0.8,1.72,1/1/1982
198202,-5.86,0.35,6.05,-3.48,4.56,0.92,4.88,2/1/1982
198203,-1.87,-0.05,3.81,-1.38,2.49,0.98,2.96,3/1/1982
198204,3.27,1.09,-2.7,1.57,-0.01,1.13,-0.4,4/1/1982
198205,-3.99,0.64,1.75,0.87,-0.3,1.06,2.5,5/1/1982
198206,-3.09,-0.52,1.53,0.01,2.72,0.96,4.96,6/1/1982
198207,-3.19,0.95,0.09,1.04,1.55,1.05,4.45,7/1/1982
198208,11.14,-4.35,0.95,-1.89,0.09,0.76,-3.52,8/1/1982
198209,1.29,2.61,0.28,2.14,-0.04,0.51,4.19,9/1/1982
198210,11.3,1.92,-3.66,0.29,-0.34,0.59,0.18,10/1/1982
198211,4.67,4.43,-1.87,-0.97,0.27,0.63,5.95,11/1/1982
198212,0.55,-0.04,-0.02,-0.01,1.02,0.67,0.04,12/1/1982
198301,3.6,3.35,-0.75,-1.55,-0.58,0.69,-1.73,1/1/1983
198302,2.59,2.92,0.7,-0.52,1.05,0.62,3.77,2/1/1983
198303,2.82,1.37,2.02,-0.17,2.74,0.63,0.92,3/1/1983
198304,6.67,0.48,0.49,-0.11,1.42,0.71,1.72,4/1/1983
198305,0.52,6.3,-1.4,-1.84,-1.51,0.69,-1.56,5/1/1983
198306,3.07,1.18,-3.9,2.6,-0.87,0.67,1.8,6/1/1983
198307,-4.07,1.01,5.62,-0.14,2.81,0.74,-3.13,7/1/1983
198308,-0.5,-4.32,5.54,0.51,1.9,0.76,-5.43,8/1/1983
198309,0.91,0.3,1.01,1.24,0.5,0.76,-0.03,9/1/1983
198310,-3.44,-3.77,4.97,-0.77,2.96,0.76,-4.52,10/1/1983
198311,2.16,1.87,-0.72,-0.67,0.66,0.7,-0.13,11/1/1983
198312,-1.78,-0.45,1.73,1.64,1.27,0.73,0.84,12/1/1983
198401,-1.92,-0.04,7.58,-0.89,2.92,0.76,-2.56,1/1/1984
198402,-4.82,-1.59,3.33,0.9,1.58,0.71,0.22,2/1/1984
198403,0.63,-0.29,0.46,-0.96,1.17,0.73,1.07,3/1/1984
198404,-0.51,-0.95,1.2,3.34,0.76,0.81,2.07,4/1/1984
198405,-5.97,0.13,0.31,2.36,-0.46,0.78,1.51,5/1/1984
198406,1.82,0.11,-2.66,3.17,-1.56,0.75,-0.7,6/1/1984
198407,-2.74,-2.22,0.36,3.55,-2.15,0.82,2.85,7/1/1984
198408,10.28,-0.26,-1.82,-0.68,-0.92,0.83,-5.59,8/1/1984
198409,-0.8,-0.03,5.28,1.37,2.41,0.86,3.62,9/1/1984
198410,-0.84,-1.44,0.45,1.18,-1.09,1,3.16,10/1/1984
198411,-1.76,-1.02,4.06,0.72,2.06,0.73,1.64,11/1/1984
198412,1.84,-0.65,-0.26,1.31,-1.36,0.64,1.49,12/1/1984
198501,7.99,3.51,-5.35,-0.89,-3.41,0.65,-6.82,1/1/1985
198502,1.22,1.04,-0.1,1.29,1.06,0.58,1.88,2/1/1985
198503,-0.84,-1.39,4.07,1.23,2.88,0.62,1.58,3/1/1985
198504,-0.96,-0.1,3.72,1.55,0.71,0.72,3.04,4/1/1985
198505,5.09,-2.31,-0.96,1.33,-1.49,0.66,3.99,5/1/1985
198506,1.27,0.35,0.38,1.76,-0.77,0.55,3.57,6/1/1985
198507,-0.74,2.87,-1.62,-0.42,-0.38,0.62,-3.91,7/1/1985
198508,-1.02,-0.29,2.32,-0.1,1.83,0.55,1.85,8/1/1985
198509,-4.54,-1.8,1.29,1.14,1.64,0.6,1.51,9/1/1985
198510,4.02,-1.5,0.75,0.89,-1.06,0.65,4.88,10/1/1985
198511,6.48,0.02,-2.85,0.33,-2.32,0.61,-0.47,11/1/1985
198512,3.88,-0.41,-1.54,0.99,-1.8,0.65,-0.23,12/1/1985
198601,0.65,1.01,0.44,-2,-2.03,0.56,3,1/1/1986
198602,7.13,-0.71,-0.72,1.06,-1.2,0.53,2.76,2/1/1986
198603,4.88,-0.66,-0.39,1.21,0.92,0.6,2.41,3/1/1986
198604,-1.31,2.84,-2.87,2.91,0.03,0.52,-0.37,4/1/1986
198605,4.62,-1.29,-0.21,2.13,1.08,0.49,2.05,5/1/1986
198606,1.03,-0.89,1.28,1.8,0.87,0.52,5.07,6/1/1986
198607,-6.45,-3.46,4.7,-0.54,0.84,0.52,1.83,7/1/1986
198608,6.07,-4.35,3.51,-1.66,3.21,0.46,-5.28,8/1/1986
198609,-8.6,2.05,3.22,-0.08,3.71,0.45,-5.79,9/1/1986
198610,4.66,-2.33,-1.42,-0.05,1,0.46,4.46,10/1/1986
198611,1.17,-1.88,-0.07,1.09,0.67,0.39,-0.26,11/1/1986
198612,-3.27,0.12,0.36,0.79,0.09,0.49,0.35,12/1/1986
198701,12.47,-1.54,-3.16,0.17,-1,0.42,2.2,1/1/1987
198702,4.39,3.4,-5.91,-0.76,-2.66,0.43,-2.07,2/1/1987
198703,1.64,0.28,1.61,1.36,4.14,0.47,1.68,3/1/1987
198704,-2.11,-1.54,-0.39,-0.49,1.05,0.44,0.22,4/1/1987
198705,0.11,-0.56,0.23,0.51,1.14,0.38,-0.74,5/1/1987
198706,3.94,-2.21,1.04,1.7,0.84,0.48,-0.25,6/1/1987
198707,3.85,-1.14,0.68,-0.61,1.61,0.46,2.72,7/1/1987
198708,3.52,-0.94,-0.93,2.04,-1.61,0.47,-0.86,8/1/1987
198709,-2.59,0.38,0.27,-0.97,1.87,0.45,0.77,9/1/1987
198710,-23.24,-8.07,4.24,2.04,2.34,0.6,-7.86,10/1/1987
198711,-7.77,2.85,2.95,-1.88,0.68,0.35,-1.17,11/1/1987
198712,6.81,0.06,-4.43,2.96,-2.42,0.39,5.87,12/1/1987
198801,4.21,-0.51,5.01,-1.14,2.13,0.29,-7.24,1/1/1988
198802,4.75,3.32,-1.71,1.56,-0.01,0.46,-1.47,2/1/1988
198803,-2.27,6.25,0.73,-0.25,1.8,0.44,0.58,3/1/1988
198804,0.56,1.16,1.67,-0.2,1.92,0.46,2.24,4/1/1988
198805,-0.29,-2.56,2.42,-0.74,0.33,0.51,0.63,5/1/1988
198806,4.79,2.16,-1.24,1.47,-3.37,0.49,-2.93,6/1/1988
198807,-1.25,-0.21,2.22,-0.58,1.52,0.51,0.66,7/1/1988
198808,-3.31,-0.03,2.15,-0.82,1.76,0.59,0.35,8/1/1988
198809,3.3,-1.36,-0.75,1.76,-0.61,0.62,0.27,9/1/1988
198810,1.15,-2.95,2.05,1.3,1.03,0.61,1.33,10/1/1988
198811,-2.29,-1.65,1.41,-0.28,1.62,0.57,0.33,11/1/1988
198812,1.49,2.01,-1.69,0.69,-0.38,0.63,0.49,12/1/1988
198901,6.1,-2.31,0.6,-0.95,0.14,0.55,-0.16,1/1/1989
198902,-2.25,2.71,1.01,-0.87,1.81,0.61,0.99,2/1/1989
198903,1.57,0.68,0.58,0.05,0.72,0.67,3.51,3/1/1989
198904,4.33,-0.78,-1.42,0.71,-0.57,0.67,1.77,4/1/1989
198905,3.35,-0.01,-0.88,0.49,-0.08,0.79,1.52,5/1/1989
198906,-1.35,-1.09,2.25,0.27,1.56,0.71,0.43,6/1/1989
198907,7.2,-4.15,-2.79,1.98,-0.58,0.7,5.41,7/1/1989
198908,1.44,0.48,0.6,0.39,-0.58,0.74,-0.12,8/1/1989
198909,-0.76,0.49,-1.27,1.4,0.5,0.65,3.4,9/1/1989
198910,-3.67,-3.3,-1.11,0.11,-0.04,0.68,1.32,10/1/1989
198911,1.03,-1.29,-1.09,-0.86,1.41,0.69,2.6,11/1/1989
198912,1.16,-2.27,0.16,-0.07,1.42,0.61,2.8,12/1/1989
199001,-7.85,-1.31,0.85,-1.17,1.35,0.57,-3.27,1/1/1990
199002,1.11,1.17,0.64,-0.03,-0.66,0.57,-0.55,2/1/1990
199003,1.83,1.62,-2.92,2.04,-1.02,0.64,1.8,3/1/1990
199004,-3.36,-0.33,-2.59,1.78,-0.98,0.69,2.39,4/1/1990
199005,8.42,-2.35,-3.83,1.57,-1.68,0.68,3.03,5/1/1990
199006,-1.09,1.35,-1.93,-1.03,-0.39,0.63,2.4,6/1/1990
199007,-1.9,-3.16,-0.03,-0.18,3.21,0.68,6.1,7/1/1990
199008,-10.15,-3.87,1.64,-0.35,2.96,0.66,1.88,8/1/1990
199009,-6.12,-3.74,0.64,0.06,3.67,0.6,5.78,9/1/1990
199010,-1.92,-5.12,0.1,2.97,-0.3,0.68,6.71,10/1/1990
199011,6.35,0.07,-3.1,0.65,-4.74,0.57,-5.48,11/1/1990
199012,2.46,0.67,-1.7,2.73,-1.89,0.6,0.29,12/1/1990
199101,4.69,3.91,-1.6,1.28,-3.99,0.52,-6.45,1/1/1991
199102,7.19,3.94,-0.58,-0.2,-0.33,0.48,-4.61,2/1/1991
199103,2.65,3.83,-1.39,-0.53,-1.06,0.44,2.87,3/1/1991
199104,-0.28,0.31,1.5,0.62,0.74,0.53,-2.36,4/1/1991
199105,3.65,0.14,-0.52,2,-2.43,0.47,-0.11,5/1/1991
199106,-4.94,0.24,1.15,1.79,0.65,0.42,0.47,6/1/1991
199107,4.24,-0.96,-1.32,1.6,-1.36,0.49,4.32,7/1/1991
199108,2.32,1.4,-0.78,0.84,-0.34,0.46,1.57,8/1/1991
199109,-1.59,1.56,-1.08,-1.82,0.08,0.46,1.79,9/1/1991
199110,1.29,0.91,-0.47,-1.7,-0.23,0.42,3.06,10/1/1991
199111,-4.19,-0.83,-1.89,1.11,0.01,0.39,1.14,11/1/1991
199112,10.84,-2.4,-4.17,3.55,-3.12,0.38,8.19,12/1/1991
199201,-0.59,9.18,4.71,-1.32,3.2,0.34,-2.49,1/1/1992
199202,1.09,1.33,6.47,0.08,2.19,0.28,-0.53,2/1/1992
199203,-2.66,-0.93,3.56,-0.01,1.95,0.34,-0.29,3/1/1992
199204,1.07,-5.7,4.34,1.69,2.23,0.32,-2.58,4/1/1992
199205,0.3,0.21,1.19,-0.95,0.48,0.28,0.21,5/1/1992
199206,-2.34,-2.73,3.24,-0.05,1.01,0.32,-0.58,6/1/1992
199207,3.77,-0.62,-0.56,1.3,-0.91,0.31,1.56,7/1/1992
199208,-2.38,-0.42,-1.1,3.72,-1.65,0.26,-0.51,8/1/1992
199209,1.19,0.48,-0.26,1.64,-0.59,0.26,1.49,9/1/1992
199210,1.02,2.07,-1.98,1.24,-0.79,0.23,2.48,10/1/1992
199211,4.13,3.94,-1.35,-0.68,-1.59,0.23,-0.15,11/1/1992
199212,1.53,1.68,2.62,-0.48,0.84,0.28,4.31,12/1/1992
199301,0.93,1.93,5.94,-1.84,2.91,0.23,4.83,1/1/1993
199302,0.12,-3.45,6.42,-0.42,4.13,0.22,3.14,2/1/1993
199303,2.3,0.09,1.18,-0.15,0.9,0.25,3.73,3/1/1993
199304,-3.05,-0.85,2.49,-3.61,1.38,0.24,0.38,4/1/1993
199305,2.89,1.9,-3.42,-0.12,-1.04,0.22,0.22,5/1/1993
199306,0.31,0.13,2.75,-0.92,1.21,0.25,4.55,6/1/1993
199307,-0.34,0.95,2.85,-1.87,2.06,0.24,3.16,7/1/1993
199308,3.71,0.1,0.13,-1.54,-0.04,0.25,2.65,8/1/1993
199309,-0.12,2.98,-0.31,0.24,-0.16,0.26,3.37,9/1/1993
199310,1.41,1.89,-2.76,0.57,0.6,0.22,-2.72,10/1/1993
199311,-1.89,-1.27,-0.74,2.23,-0.94,0.25,-4.74,11/1/1993
199312,1.65,1.4,0.32,1.16,-0.34,0.23,2.36,12/1/1993
199401,2.87,-0.06,1.15,-1.66,1.43,0.25,0,1/1/1994
199402,-2.55,2.67,-1.54,2.14,-1,0.21,-0.3,2/1/1994
199403,-4.78,-1.04,1.6,0.69,1.28,0.27,-1.27,3/1/1994
199404,0.68,-1.01,1.66,1.07,1.11,0.27,0.39,4/1/1994
199405,0.58,-2.56,0.67,0.6,0.68,0.31,-2.19,5/1/1994
199406,-3.03,-0.5,1.67,1.21,1.47,0.31,-0.87,6/1/1994
199407,2.82,-1.85,0.58,-0.65,0.14,0.28,0.18,7/1/1994
199408,4.01,1.37,-2.51,0.95,-1.47,0.37,1.55,8/1/1994
199409,-2.31,2.8,-1.89,0.52,0.93,0.37,1.31,9/1/1994
199410,1.34,-2.3,-1.62,0.23,-0.68,0.38,1.49,10/1/1994
199411,-4.04,0.07,-0.7,0.42,-0.5,0.37,-0.18,11/1/1994
199412,0.86,0,-0.13,0.37,0.38,0.44,3.48,12/1/1994
199501,1.8,-3.06,2.57,0.17,-0.75,0.42,-1.81,1/1/1995
199502,3.63,-0.54,1.08,0.59,-0.33,0.4,-0.39,2/1/1995
199503,2.19,-0.51,-2.15,-0.17,0.22,0.46,0.43,3/1/1995
199504,2.11,-0.22,1.71,0.41,0.9,0.44,1.79,4/1/1995
199505,2.9,-2.19,2.29,0.39,0.04,0.54,-0.42,5/1/1995
199506,2.72,3.06,-2.54,-0.33,-2.44,0.47,2.93,6/1/1995
199507,3.72,2.09,-1.62,0.3,-1.65,0.45,2.56,7/1/1995
199508,0.55,1.75,2.79,-1.24,1.62,0.47,0.16,8/1/1995
199509,3.35,-1.88,-0.04,1.03,0.36,0.43,2.9,9/1/1995
199510,-1.52,-4.04,-0.5,1.91,-0.05,0.47,4.16,10/1/1995
199511,3.96,-1.07,0.51,-0.62,1.12,0.42,-0.68,11/1/1995
199512,1.03,0.72,0.22,-1.37,3.1,0.49,2.52,12/1/1995
199601,2.26,-2.56,0.38,0.18,2.31,0.43,0.54,1/1/1996
199602,1.33,1.77,-1.08,0.24,-1.9,0.39,0.59,2/1/1996
199603,0.73,1.61,0.35,1.42,-0.95,0.39,-1.84,3/1/1996
199604,2.06,4.71,-4.02,-0.14,-2.11,0.46,-0.88,4/1/1996
199605,2.36,3.21,-0.83,0.12,-0.3,0.42,1.54,5/1/1996
199606,-1.14,-3.65,2.35,3.51,1.22,0.4,0.98,6/1/1996
199607,-5.97,-3.81,5.14,2.95,2.6,0.45,-0.16,7/1/1996
199608,2.77,2.57,-0.74,-0.37,-2.42,0.41,0.01,8/1/1996
199609,5.01,-1.39,-2.72,1.27,-2.22,0.44,2.7,9/1/1996
199610,0.86,-3.77,4.94,1.4,3.25,0.42,3.79,10/1/1996
199611,6.25,-3.8,1.39,2.12,-0.79,0.41,-2.37,11/1/1996
199612,-1.7,3.25,1.31,0.37,1.49,0.46,0.63,12/1/1996
199701,4.99,-1.82,-1.42,1.19,-0.02,0.45,1.96,1/1/1997
199702,-0.49,-2.59,5.67,0.67,3.47,0.39,-2.13,2/1/1997
199703,-5.03,-0.43,3.39,0.5,1.66,0.43,0.9,3/1/1997
199704,4.04,-5.7,0.07,3.26,-0.72,0.43,4.84,4/1/1997
199705,6.74,4.75,-4.13,-1.02,-2.96,0.49,-5.17,5/1/1997
199706,4.1,1.19,1.58,0.56,0.66,0.37,2.6,6/1/1997
199707,7.33,-2.77,0.26,0.07,-2.57,0.43,3.77,7/1/1997
199708,-4.15,7.61,1.18,-1.11,-0.04,0.41,-2.56,8/1/1997
199709,5.35,2.49,0.37,-1.63,-0.91,0.44,1.47,9/1/1997
199710,-3.8,-0.52,2.27,1,1.94,0.42,-0.57,10/1/1997
199711,2.98,-5.1,1.19,2.8,1.83,0.39,0.33,11/1/1997
199712,1.32,-2.04,3.84,0.75,1.93,0.48,3.98,12/1/1997
199801,0.15,-1.36,-1.63,0.86,-0.73,0.43,0.14,1/1/1998
199802,7.04,0.2,-0.85,-0.31,-2.54,0.39,-1.12,2/1/1998
199803,4.76,-0.65,1.39,-0.26,-0.37,0.39,2.15,3/1/1998
199804,0.73,-0.01,0.94,-1.69,-0.36,0.43,0.74,4/1/1998
199805,-3.07,-2.93,3.4,1.07,2.59,0.4,1.82,5/1/1998
199806,3.18,-3.65,-1.97,-0.27,-2.97,0.41,7.28,6/1/1998
199807,-2.46,-5.27,-1.78,1.74,0.45,0.4,3.69,7/1/1998
199808,-16.08,-5.18,3.53,3.39,5.89,0.43,1.84,8/1/1998
199809,6.15,-0.77,-3.42,-1.89,-2.97,0.46,-0.81,9/1/1998
199810,7.13,-3.43,-2.23,0.93,0.32,0.32,-5.37,10/1/1998
199811,6.1,0.74,-3.25,-0.85,-1.2,0.31,1.2,11/1/1998
199812,6.16,-1.57,-4.19,-0.75,-3.4,0.38,8.92,12/1/1998
199901,3.5,-0.74,-4.6,-2.79,-6.77,0.35,3.03,1/1/1999
199902,-4.08,-5.23,1.92,-1.21,4.07,0.35,-0.1,2/1/1999
199903,3.45,-4.23,-2.74,-4.07,-1.41,0.43,-1.27,3/1/1999
199904,4.33,4.53,2.46,-2.53,0.9,0.37,-9.04,4/1/1999
199905,-2.46,3.71,2.35,0.93,3.33,0.34,-5.19,5/1/1999
199906,4.77,2.29,-3.19,1.14,-3.23,0.4,5.06,6/1/1999
199907,-3.49,2.57,-0.44,0.36,3.22,0.38,1.66,7/1/1999
199908,-1.38,-1.73,-1.87,-0.24,0.64,0.39,3.12,8/1/1999
199909,-2.79,2.59,-3.5,-0.75,-1.23,0.39,6.47,9/1/1999
199910,6.12,-6.91,-3.37,-1.75,-1.19,0.39,5.5,10/1/1999
199911,3.37,5.8,-6.11,-4.27,-1.75,0.36,5.64,11/1/1999
199912,7.72,5.39,-8.32,-7.6,-5.63,0.44,13.22,12/1/1999
200001,-4.74,4.44,-1.91,-6.31,4.75,0.41,1.92,1/1/2000
200002,2.45,18.34,-9.7,-18.73,-0.36,0.43,18.2,2/1/2000
200003,5.2,-15.35,8.17,11.82,-1.65,0.47,-6.83,3/1/2000
200004,-6.4,-5.01,7.26,7.66,5.65,0.46,-8.39,4/1/2000
200005,-4.42,-3.84,4.81,4.17,1.3,0.5,-8.98,5/1/2000
200006,4.64,9.93,-8.43,-8.32,-2.93,0.4,16.6,6/1/2000
200007,-2.51,-1.03,8.3,5.82,2.95,0.48,-0.05,7/1/2000
200008,7.03,-1.04,-1.38,-3.22,1.09,0.5,5.73,8/1/2000
200009,-5.45,0.19,7.17,2.56,5.53,0.51,1.97,9/1/2000
200010,-2.76,-2.64,5.7,9.6,3.82,0.56,-4.48,10/1/2000
200011,-10.72,-0.6,12.32,13.09,8.39,0.51,-2.32,11/1/2000
200012,1.19,3.26,7.61,1.72,4.78,0.5,6.74,12/1/2000
200101,3.13,5.5,-5.09,-4.7,-5,0.54,-25.3,1/1/2001
200102,-10.05,2.82,12.48,9.11,9.05,0.38,12.57,2/1/2001
200103,-7.26,2.33,6.42,3.36,3.91,0.42,8.55,3/1/2001
200104,7.94,-0.86,-4.68,-3.07,-3.19,0.39,-7.9,4/1/2001
200105,0.72,3.59,3.38,0.26,1.88,0.32,2.21,5/1/2001
200106,-1.94,6.57,-1.13,1.6,-1.5,0.28,0.38,6/1/2001
200107,-2.13,-2.83,5.21,7.42,3.06,0.3,5.58,7/1/2001
200108,-6.46,2.71,2.3,4.05,6.56,0.31,5.53,8/1/2001
200109,-9.25,-5.73,1.45,5,3.2,0.28,11.48,9/1/2001
200110,2.46,5.28,-7.66,-2.99,-4.54,0.22,-8.47,10/1/2001
200111,7.54,-0.31,2.22,-3.72,-1.62,0.17,-8.69,11/1/2001
200112,1.6,5.16,0.85,0.35,-0.27,0.15,0.07,12/1/2001
200201,-1.44,1.26,3.44,4.69,2.83,0.14,3.75,1/1/2002
200202,-2.29,-0.36,2.16,8.06,5.11,0.13,6.82,2/1/2002
200203,4.24,4.25,1.06,-1.78,0.57,0.13,-1.64,3/1/2002
200204,-5.2,6.72,3.88,4.56,5.38,0.15,7.63,4/1/2002
200205,-1.38,-3.02,1.53,2.37,2.43,0.14,3.16,5/1/2002
200206,-7.21,3.89,-0.03,3.93,2.49,0.13,6.03,6/1/2002
200207,-8.18,-6.43,-3.85,3.79,-0.99,0.15,3.77,7/1/2002
200208,0.5,-1.3,3.29,1.36,-1.46,0.14,1.9,8/1/2002
200209,-10.35,3.07,1.47,3.29,-2.19,0.14,9.13,9/1/2002
200210,7.84,-4.3,-3.94,-3.4,0.77,0.14,-5.58,10/1/2002
200211,5.96,2.93,-1.21,-9.21,5.17,0.12,-16.33,11/1/2002
200212,-5.76,0.62,2.14,6.29,-1.68,0.11,9.64,12/1/2002
200301,-2.57,0.72,-0.81,-1,0.71,0.1,1.55,1/1/2003
200302,-1.88,-0.93,-1.38,0.83,-0.61,0.09,1.17,2/1/2003
200303,1.09,0.67,-1.91,1.85,-0.75,0.1,1.48,3/1/2003
200304,8.22,1.04,1.17,-4.7,1.09,0.1,-9.33,4/1/2003
200305,6.05,4.87,0.5,-7.06,2.99,0.09,-10.7,5/1/2003
200306,1.42,1.68,0.15,0.48,-0.35,0.1,-1,6/1/2003
200307,2.35,4.54,-1.24,-4.15,1.77,0.07,-0.24,7/1/2003
200308,2.34,2.48,1.54,-2.24,2.13,0.07,-0.62,8/1/2003
200309,-1.24,0.55,0.15,1,0.35,0.08,-0.19,9/1/2003
200310,6.08,2.71,1.97,-1.35,1.54,0.07,3.99,10/1/2003
200311,1.35,2.33,1.78,0.19,1.8,0.07,1.46,11/1/2003
200312,4.29,-2.49,1.61,0.57,0.94,0.08,-5.57,12/1/2003
200401,2.15,2.45,2.48,-3.67,3.38,0.07,2.58,1/1/2004
200402,1.4,-0.93,0.91,2.18,-1.21,0.06,-1.14,2/1/2004
200403,-1.32,2.1,0.28,1.56,-0.98,0.09,0.17,3/1/2004
200404,-1.83,-2.01,-3.09,3.46,-2.84,0.08,-5.38,4/1/2004
200405,1.17,-0.38,-0.24,-1.18,0.02,0.06,1.5,5/1/2004
200406,1.86,2.56,1.19,1.2,-0.39,0.08,2.05,6/1/2004
200407,-4.06,-2.95,3.23,5.33,-1.66,0.1,-2.29,7/1/2004
200408,0.08,-1.16,1,1.18,-1.44,0.11,-1.59,8/1/2004
200409,1.6,3.27,-0.01,-1.48,-1.89,0.11,5.49,9/1/2004
200410,1.43,0.19,-0.22,-0.52,0.49,0.11,-1.38,10/1/2004
200411,4.54,4.11,1.42,-0.59,-0.21,0.15,3.16,11/1/2004
200412,3.43,-0.05,-0.22,-1.16,0.46,0.16,-2.87,12/1/2004
200501,-2.76,-1.18,2.06,2.73,-1.46,0.16,3.05,1/1/2005
200502,1.89,-0.3,1.53,1.45,-0.05,0.16,3.37,2/1/2005
200503,-1.97,-1.42,2.04,0.47,1.29,0.21,0.41,3/1/2005
200504,-2.61,-3.98,0.06,0.97,-0.94,0.21,-0.69,4/1/2005
200505,3.65,2.79,-0.64,-1,0.3,0.24,0.45,5/1/2005
200506,0.57,3.28,2.82,0.97,-0.51,0.23,2.05,6/1/2005
200507,3.92,2.8,-0.78,-1.22,-0.81,0.24,0.06,7/1/2005
200508,-1.22,-0.89,1.32,-2.05,0.36,0.3,2.08,8/1/2005
200509,0.49,-0.35,0.72,0.27,-0.6,0.29,3.43,9/1/2005
200510,-2.02,-1.45,0.43,-0.94,-1.3,0.27,-1.39,10/1/2005
200511,3.61,0.85,-1.18,-0.74,-1.14,0.31,0.35,11/1/2005
200512,-0.25,-0.21,0.2,0.21,0.23,0.32,0.77,12/1/2005
200601,3.04,5.75,1.08,-0.64,-0.46,0.35,2.53,1/1/2006
200602,-0.3,-0.42,-0.35,-0.51,1.91,0.34,-1.84,2/1/2006
200603,1.46,3.4,0.59,0.09,-0.41,0.37,1.26,3/1/2006
200604,0.73,-0.84,2.34,1.8,0.01,0.36,0.64,4/1/2006
200605,-3.57,-2.85,2.42,1.15,1.46,0.43,-3.7,5/1/2006
200606,-0.35,-0.24,0.85,1.33,-0.07,0.4,1.54,6/1/2006
200607,-0.78,-3.64,2.62,1.63,0.9,0.4,-2.12,7/1/2006
200608,2.03,0.44,-2.06,-1.86,2.09,0.42,-3.38,8/1/2006
200609,1.84,-1.46,0.08,0.82,0.6,0.41,-0.96,9/1/2006
200610,3.23,1.98,-0.3,-0.12,0.28,0.41,-0.2,10/1/2006
200611,1.71,0.71,0.14,0.15,-0.81,0.42,-1.03,11/1/2006
200612,0.87,-0.82,2.73,-0.72,2.06,0.4,0.79,12/1/2006
200701,1.4,0.08,-0.69,0.25,0.38,0.44,0.24,1/1/2007
200702,-1.96,1.28,-0.13,-0.51,-0.71,0.38,-1.35,2/1/2007
200703,0.68,0.19,-0.96,0.64,-0.65,0.43,2.56,3/1/2007
200704,3.49,-2.03,-1.46,1.15,1.04,0.44,-0.24,4/1/2007
200705,3.24,0.4,-0.65,1.58,-1.36,0.41,-0.34,5/1/2007
200706,-1.96,0.75,-1.07,0.53,0.08,0.4,0.51,6/1/2007
200707,-3.73,-2.98,-3.72,0.2,-1.13,0.4,2.94,7/1/2007
200708,0.92,-0.37,-1.86,-1.21,-0.53,0.42,0.1,8/1/2007
200709,3.22,-2.43,-2.23,-0.52,-3.02,0.32,4.63,9/1/2007
200710,1.8,-0.03,-3.05,-0.3,-0.09,0.32,5.02,10/1/2007
200711,-4.83,-3.01,-0.95,1.89,-0.29,0.34,0.99,11/1/2007
200712,-0.87,0.15,-0.54,0.87,-1.04,0.27,6.63,12/1/2007
200801,-6.36,-0.66,3.98,2.14,2.14,0.21,-7.75,1/1/2008
200802,-3.09,-0.66,-0.84,0.88,-0.93,0.13,6.1,2/1/2008
200803,-0.93,0.56,0.3,0.79,0.5,0.17,4.27,3/1/2008
200804,4.6,-1.14,-1.04,1.63,-2.47,0.18,-0.31,4/1/2008
200805,1.86,3.06,-1.49,0.93,-0.06,0.18,3.31,5/1/2008
200806,-8.44,1.15,-2.67,4.96,-0.55,0.17,12.75,6/1/2008
200807,-0.77,3.72,5.42,-1.37,1.08,0.15,-5.13,7/1/2008
200808,1.53,3.46,1.59,1.86,0.84,0.13,-4.02,8/1/2008
200809,-9.24,0.25,5.92,2.41,1.78,0.15,0.28,9/1/2008
200810,-17.23,-3.34,-2.3,3.04,2.05,0.08,7.85,10/1/2008
200811,-7.86,-3.89,-6.31,4.53,2.74,0.03,7.17,11/1/2008
200812,1.74,3.29,0.15,0.06,-1.49,0,-5.09,12/1/2008
200901,-8.12,-2.13,-11.29,0.18,-1.16,0,-2.18,1/1/2009
200902,-10.1,-1.33,-6.95,1.19,-1.02,0.01,4.41,2/1/2009
200903,8.95,0.68,3.48,-2.52,-2.24,0.02,-11.87,3/1/2009
200904,10.18,7.13,5.36,1.31,0.13,0.01,-34.3,4/1/2009
200905,5.21,-2.32,0.27,-0.78,-2.16,0,-12.49,5/1/2009
200906,0.43,2.29,-2.73,-1.41,-0.33,0.01,5.48,6/1/2009
200907,7.72,2.39,4.84,-0.46,3.14,0.01,-5.55,7/1/2009
200908,3.33,-0.09,7.63,-3.02,3.34,0.01,-9.07,8/1/2009
200909,4.08,2.73,1.04,1.31,0.35,0.01,-4.79,9/1/2009
200910,-2.59,-4.93,-4.2,4.17,-1.49,0,2.61,10/1/2009
200911,5.56,-2.68,-0.34,1,0.12,0,0.3,11/1/2009
200912,2.75,6.23,-0.17,1.02,-0.09,0.01,3.01,12/1/2009
201001,-3.36,0.34,0.43,-1.27,0.46,0,-5.4,1/1/2010
201002,3.4,1.51,3.23,-0.27,1.43,0,3.74,2/1/2010
201003,6.31,1.85,2.21,-0.65,1.69,0.01,3.76,3/1/2010
201004,2,4.98,2.89,0.69,1.72,0.01,3.16,4/1/2010
201005,-7.89,0.04,-2.44,1.3,-0.22,0.01,-0.25,5/1/2010
201006,-5.57,-2.47,-4.7,-0.16,-1.55,0.01,-2.76,6/1/2010
201007,6.93,0.14,-0.33,0.27,1.98,0.01,1.88,7/1/2010
201008,-4.77,-3.13,-1.93,0.58,-1.61,0.01,-0.06,8/1/2010
201009,9.54,3.77,-3.18,-0.18,0.36,0.01,1.41,9/1/2010
201010,3.88,0.86,-2.51,1.31,-0.33,0.01,1.58,10/1/2010
201011,0.6,3.64,-0.92,0.38,1.63,0.01,2.66,11/1/2010
201012,6.82,0.99,3.76,-3.52,3.21,0.01,-3.03,12/1/2010
201101,1.99,-2.38,0.75,-0.65,0.77,0.01,-0.29,1/1/2011
201102,3.49,1.65,1.27,-1.93,0.87,0.01,1.99,2/1/2011
201103,0.46,2.63,-1.85,1.8,-0.05,0.01,3.4,3/1/2011
201104,2.9,-0.5,-2.49,1.11,-0.86,0,0.04,4/1/2011
201105,-1.27,-0.71,-2,1.91,-1.5,0,-0.62,5/1/2011
201106,-1.75,0.13,-0.39,2.43,-1.51,0,1.78,6/1/2011
201107,-2.35,-1.2,-0.9,2.68,-1.82,0,0.18,7/1/2011
201108,-5.99,-3.2,-2.36,3.3,-0.38,0.01,-0.28,8/1/2011
201109,-7.59,-3.65,-1.72,2.04,0.26,0,-2.42,9/1/2011
201110,11.35,3.46,0.1,-2.16,-0.86,0,-1.43,10/1/2011
201111,-0.28,-0.27,-0.45,1.86,1.49,0,3.84,11/1/2011
201112,0.74,-0.33,1.63,0.98,2.51,0,1.81,12/1/2011
201201,5.05,2.05,-0.97,-2.01,-1.43,0,-7.91,1/1/2012
201202,4.42,-1.7,0.43,-0.48,-0.01,0,-0.29,2/1/2012
201203,3.11,-0.47,1.14,-0.54,0.74,0,1.3,3/1/2012
201204,-0.85,-0.55,-0.78,1.3,0.65,0,3.75,4/1/2012
201205,-6.19,-0.12,-1.06,2.08,2.32,0.01,6.49,5/1/2012
201206,3.89,0.84,0.62,-1.09,0.46,0,-1.06,6/1/2012
201207,0.79,-2.8,-0.02,1.1,0.09,0,3.04,7/1/2012
201208,2.55,0.45,1.3,-1.33,-0.86,0.01,-2.37,8/1/2012
201209,2.73,0.61,1.6,-1.49,1.54,0.01,-1.14,9/1/2012
201210,-1.76,-0.9,3.59,-1.34,2.51,0.01,0.14,10/1/2012
201211,0.78,0.47,-0.84,0.6,0.84,0.01,0.49,11/1/2012
201212,1.18,1.91,3.51,-1.85,0.88,0.01,-2.86,12/1/2012
201301,5.57,0.47,0.96,-1.93,1.42,0,-1.79,1/1/2013
201302,1.29,-0.25,0.11,-0.67,0.54,0,1.29,2/1/2013
201303,4.03,0.86,-0.19,0.14,1.37,0,1.92,3/1/2013
201304,1.55,-2.25,0.45,0.27,0.37,0,0.22,4/1/2013
201305,2.8,2.09,2.63,-1.97,-0.91,0,-2.02,5/1/2013
201306,-1.2,1.56,0.03,-0.38,0.01,0,0.52,6/1/2013
201307,5.65,1.8,0.57,-1.35,0.52,0,1.76,7/1/2013
201308,-2.71,-0.06,-2.69,0.66,-2.16,0,0.02,8/1/2013
201309,3.77,2.66,-1.22,-0.58,-1.4,0,3.06,9/1/2013
201310,4.18,-1.51,1.25,2.78,0.92,0,0.08,10/1/2013
201311,3.13,1.4,0.32,0.14,0.05,0,0.44,11/1/2013
201312,2.81,-0.44,-0.02,-0.46,0.08,0,0.02,12/1/2013
201401,-3.32,0.58,-2.07,-3.88,-1.43,0,1.71,1/1/2014
201402,4.65,0.16,-0.31,-0.23,-0.47,0,2.07,2/1/2014
201403,0.43,-1.13,4.93,2.13,1.98,0,-3.29,3/1/2014
201404,-0.19,-4.14,1.17,3.48,1.04,0,-3.89,4/1/2014
201405,2.06,-1.89,-0.13,0.05,-1.01,0,0.87,5/1/2014
201406,2.61,3.1,-0.7,-1.89,-1.98,0,0.69,6/1/2014
201407,-2.04,-4.29,0.03,0.88,0.51,0,-0.12,7/1/2014
201408,4.24,0.31,-0.45,-0.63,-0.69,0,0.82,8/1/2014
201409,-1.97,-3.73,-1.34,1.31,-0.49,0,0.5,9/1/2014
201410,2.52,3.72,-1.81,-0.55,-0.09,0,-0.06,10/1/2014
201411,2.55,-2.28,-3.09,1.5,0.26,0,0.69,11/1/2014
201412,-0.06,2.86,2.27,-1.22,0.96,0,1.12,12/1/2014
201501,-3.11,-0.91,-3.58,1.6,-1.66,0,3.84,1/1/2015
201502,6.13,0.31,-1.86,-1.1,-1.79,0,-2.82,2/1/2015
201503,-1.12,3.07,-0.37,0.09,-0.51,0,2.74,3/1/2015
201504,0.59,-3.06,1.82,0.02,-0.65,0,-7.27,4/1/2015
201505,1.36,0.82,-1.14,-1.78,-0.72,0,5.82,5/1/2015
201506,-1.53,2.89,-0.79,0.45,-1.57,0,3.01,6/1/2015
201507,1.54,-4.58,-4.13,0.31,-2.46,0,9.98,7/1/2015
201508,-6.04,0.24,2.77,0.69,1.24,0,-2.09,8/1/2015
201509,-3.07,-2.8,0.56,1.8,-0.6,0,5.22,9/1/2015
201510,7.75,-2.05,-0.46,0.86,0.55,0,-3.28,10/1/2015
201511,0.56,3.29,-0.42,-2.71,-1.03,0,2.28,11/1/2015
201512,-2.17,-2.97,-2.61,0.45,0.03,0.01,3.36,12/1/2015
201601,-5.77,-3.48,2.09,2.8,3.07,0.01,1.44,1/1/2016
201602,-0.07,0.85,-0.57,3.28,1.99,0.02,-4.38,2/1/2016
201603,6.96,1.08,1.19,0.76,-0.04,0.02,-5.01,3/1/2016
201604,0.91,1.22,3.28,-2.92,1.86,0.01,-6.02,4/1/2016
201605,1.78,-0.62,-1.66,-1.07,-2.49,0.01,1.42,5/1/2016
201606,-0.05,0.44,-1.48,1.39,1.91,0.02,4.13,6/1/2016
201607,3.95,2.49,-1.27,1.25,-1.19,0.02,-3.34,7/1/2016
201608,0.49,1.7,3.13,-1.88,-0.34,0.02,-3.49,8/1/2016
201609,0.25,1.86,-1.23,-2.23,0.03,0.02,0.19,9/1/2016
201610,-2.02,-4.04,4.12,0.96,0.28,0.02,0.6,10/1/2016
201611,4.86,7.04,8.19,-0.21,3.69,0.01,-4.62,11/1/2016
201612,1.81,0.39,3.56,1.23,-0.22,0.03,-0.26,12/1/2016
201701,1.94,-1.43,-2.76,-0.5,-0.99,0.04,-0.93,1/1/2017
201702,3.57,-2.21,-1.68,0.45,-1.83,0.04,-1.65,2/1/2017
201703,0.17,0.74,-3.32,0.62,-0.94,0.03,-1.02,3/1/2017
201704,1.09,0.47,-2.1,1.91,-1.6,0.05,0.48,4/1/2017
201705,1.06,-3.03,-3.78,0.95,-1.81,0.06,1.48,5/1/2017
201706,0.78,2.57,1.48,-2.25,0.01,0.06,-0.09,6/1/2017
201707,1.87,-1.66,-0.24,-0.69,-0.12,0.07,1.68,7/1/2017
201708,0.16,-1.82,-2.09,0.15,-2.37,0.09,3.26,8/1/2017
201709,2.51,4.77,3.12,-1.46,1.68,0.09,-1.32,9/1/2017
201710,2.25,-1.93,0.21,0.92,-3.24,0.09,4.27,10/1/2017
201711,3.12,-0.36,-0.08,3.19,-0.07,0.08,-0.87,11/1/2017
201712,1.06,-1.07,0.05,0.74,1.66,0.09,-1.54,12/1/2017
201801,5.57,-3.21,-1.33,-0.72,-1,0.12,4.05,1/1/2018
201802,-3.65,0.31,-1.07,0.54,-2.39,0.11,3.58,2/1/2018
201803,-2.35,3.58,-0.23,-0.46,0,0.11,-1.13,3/1/2018
201804,0.28,0.93,0.54,-2.43,1.27,0.14,0.36,4/1/2018
201805,2.65,4.74,-3.18,-2.04,-1.47,0.14,3.89,5/1/2018
201806,0.48,0.81,-2.33,0.79,0.24,0.14,-2.35,6/1/2018
201807,3.19,-1.93,0.47,1.56,0.35,0.16,-1.41,7/1/2018
201808,3.44,0.63,-3.99,-0.29,-2.65,0.16,5.29,8/1/2018
201809,0.06,-2.49,-1.69,0.64,1.3,0.15,0.04,9/1/2018
201810,-7.68,-4.45,3.44,0.93,3.59,0.19,-2,10/1/2018
201811,1.69,-0.77,0.27,-0.55,0.37,0.18,-1.37,11/1/2018
201812,-9.57,-2.88,-1.86,-0.02,0.22,0.2,2.11,12/1/2018
201901,8.4,3.02,-0.45,-0.79,-1.51,0.21,-8.68,1/1/2019
201902,3.4,1.74,-2.68,0.12,-1.6,0.18,0.86,2/1/2019
201903,1.1,-3.5,-4.1,0.89,-0.96,0.19,2.21,3/1/2019
201904,3.97,-1.17,2.14,1.61,-2.2,0.21,-2.97,4/1/2019
201905,-6.94,-1.58,-2.34,-0.47,1.75,0.21,7.56,5/1/2019
201906,6.93,0.36,-0.72,0.91,-0.43,0.18,-2.3,6/1/2019
201907,1.19,-1.78,0.47,-0.07,0.37,0.19,2.89,7/1/2019
201908,-2.58,-3.23,-4.76,0.55,-0.69,0.16,6.92,8/1/2019
201909,1.43,0.27,6.74,1.84,3.36,0.18,-6.81,9/1/2019
201910,2.06,0.26,-1.92,0.44,-0.96,0.16,0.15,10/1/2019
201911,3.87,0.44,-2.01,-1.59,-1.25,0.12,-2.66,11/1/2019
201912,2.77,0.97,1.76,0,1.23,0.14,-1.77,12/1/2019
202001,-0.11,-4.37,-6.22,-1.18,-2.32,0.13,5.98,1/1/2020
202002,-8.13,0.03,-3.79,-1.47,-2.51,0.12,-0.4,2/1/2020
202003,-13.39,-8.31,-13.97,-1.5,1.26,0.13,7.97,3/1/2020
202004,13.65,2.59,-1.23,2.7,-1.01,0,-5.23,4/1/2020
202005,5.58,1.98,-4.89,0.95,-3.25,0.01,0.42,5/1/2020
202006,2.46,1.97,-2.17,0.09,0.53,0.01,-0.73,6/1/2020
202007,5.77,-3.2,-1.38,0.41,0.96,0.01,7.61,7/1/2020
202008,7.63,-0.89,-2.95,4.26,-1.2,0.01,0.55,8/1/2020
202009,-3.63,0.02,-2.68,-1.4,-1.89,0.01,3.14,9/1/2020
202010,-2.1,4.64,4.21,-0.75,-0.76,0.01,-3.04,10/1/2020
202011,12.47,7.12,2.14,-2.21,1.37,0.01,-12.43,11/1/2020
202012,4.63,4.79,-1.51,-1.98,-0.11,0.01,-2.32,12/1/2020
202101,-0.03,6.91,2.96,-3.8,4.9,0.01,4.5,1/1/2021
202102,2.78,4.53,7.18,0.3,-1.94,0,-7.89,2/1/2021
202103,3.08,-0.86,7.4,6.46,3.41,0,-6.14,3/1/2021
202104,4.93,-3.15,-0.94,2.48,-2.69,0,1.1,4/1/2021
202105,0.29,1.23,7.08,2.53,3.01,0,0.88,5/1/2021
202106,2.75,-0.34,-7.82,-2.18,-0.95,0,2.19,6/1/2021
202107,1.27,-4.62,-1.76,5.49,-0.48,0,-2.24,7/1/2021
202108,2.91,-0.67,-0.16,-0.3,-1.76,0,2.53,8/1/2021
202109,-4.37,1.14,5.08,-1.9,2.14,0,1.5,9/1/2021
202110,6.65,-2.7,-0.48,1.68,-1.44,0,3.2,10/1/2021
202111,-1.55,-1.76,-0.44,7.22,1.74,0,0.9,11/1/2021
202112,3.1,-0.77,3.28,4.92,4.43,0.01,-2.6,12/1/2021
202201,-6.25,-4.05,12.75,0.87,7.71,0,-2.59,1/1/2022
202202,-2.29,2.96,3.04,-2.08,3.13,0,1.76,2/1/2022
202203,3.05,-2.15,-1.8,-1.56,3.17,0.01,3,3/1/2022
202204,-9.46,-0.4,6.19,3.63,5.92,0.01,4.89,4/1/2022
202205,-0.34,-0.06,8.41,1.44,3.98,0.03,2.48,5/1/2022
202206,-8.43,1.3,-5.97,1.85,-4.7,0.06,0.79,6/1/2022
202207,9.57,1.87,-4.1,0.68,-6.94,0.08,-3.96,7/1/2022
202208,-3.78,1.51,0.31,-4.8,1.31,0.19,2.09,8/1/2022
