Date,0.08333333333333333,0.16666666666666666,0.25,0.5,1.0,2.0,3.0,5.0,7.0,10.0,20.0,30.0,Label
1990-01-01,7.994548475830378,8.011123814292983,8.027051829601938,8.071205015049184,8.145210945339342,8.249796087863968,8.315405419149629,8.38356326860622,8.412346135245626,8.429398879119518,8.44243540945594,8.446022420024628,3
1990-02-01,7.999677587611134,8.022911544855974,8.045166273942554,8.10645276128701,8.207570551782082,8.345454391117501,8.426767107787398,8.501494015933764,8.525031985566885,8.531369321603679,8.524469007744674,8.520693590979182,3
1990-03-01,8.048064893049625,8.08430980773765,8.118848688942974,8.21295607739782,8.364199743694813,8.557658240421455,8.658053760990175,8.722952377890428,8.717937750101562,8.684207272764667,8.610934961221876,8.583186087796141,3
1990-05-01,7.961351556933185,7.993744054040938,8.024690930992334,8.10946028487763,8.247509103914247,8.429995643291798,8.531443401454675,8.612345599797225,8.626359680886434,8.615544548275016,8.577762653213924,8.562650806510721,3
1990-06-01,7.925980866802529,7.946198227689193,7.96559604531621,8.01919883608059,8.108373452515226,8.232302019238709,8.307882116979068,8.382331980655145,8.410425822566408,8.423895714658425,8.429292280699407,8.429994011990253,3
1990-07-01,7.654555336024627,7.669010407548817,7.683165675762746,7.723895249742005,7.798077083225626,7.921386925134362,8.01784548590109,8.153945038229445,8.240958287886878,8.320535190101332,8.424634665549517,8.46019106401657,3
1990-08-01,7.543408308163603,7.574303762422459,7.604420037912883,7.690310231013947,7.843821099389278,8.090592898583598,8.276242021206166,8.527054839933685,8.680663780611209,8.816918332152111,8.990934295918338,9.049976759197163,0
1990-09-01,7.302390994723938,7.344782311227584,7.385864383785538,7.501695549172707,7.703578789134973,8.01304905720115,8.232177441303543,8.50677150410926,8.661372093393656,8.789626936656706,8.944270469312453,8.99586424524252,0
1990-10-01,7.250996556687195,7.28061326860871,7.3095844359862925,7.392771594373721,7.543621768837866,7.792475046439627,7.9854696107768515,8.255261811701224,8.426224935557512,8.581621769562535,8.78395049932495,8.852969026764416,0
1990-11-01,7.196240455654264,7.2146017574959975,7.232741964294936,7.285820112874476,7.385866405780914,7.561868879192021,7.708071439756621,7.927204889436676,8.075088622553293,8.215211886998725,8.403394314141517,8.468125799112363,0
1990-12-01,6.5180798352393685,6.556246579968877,6.5934126005592955,6.699196491862519,6.887446193260514,7.187667775994547,7.411352150884457,7.710141920528611,7.890976983317708,8.049970563031241,8.251572349285983,8.319835320561156,0
1991-01-01,6.2137104563456615,6.261939063011511,6.308757570373044,6.441206110190838,6.673781923260819,7.03549872179039,7.29657555161837,7.631983049055637,7.826448825007438,7.991779165690191,8.195540795273953,8.263969083013313,0
1991-02-01,6.02279583087872,6.081752865835637,6.138798878691595,6.299137147769182,6.576628697246914,6.9961012225092585,7.287496798397964,7.643289915308513,7.837220925826725,7.993559503357567,8.177054883005573,8.237766910892315,0
1991-03-01,5.682030057939451,5.762327576040435,5.839740179086554,6.0557446016676755,6.423400688870602,6.960489128040741,7.315531563747959,7.718396169409091,7.91653023134223,8.060487221084903,8.211558386186296,8.259680216750295,2
1991-04-01,5.429309047747357,5.513365644650115,5.594477270347393,5.821224003646356,6.208823600557971,6.780150897076227,7.162932400396257,7.606376235785456,7.83132677819406,8.000355377781238,8.184771250597432,8.244333436215063,2
1991-05-01,5.519601334081627,5.596168315484141,5.670212670978359,5.878099750958979,6.236989463938834,6.776806997135871,7.149191876195513,7.59944229773102,7.841756814454302,8.03481986445699,8.258831963067653,8.332680264150158,2
1991-06-01,5.497552296151085,5.589788142846134,5.67871584576557,5.926882788315374,6.349407822479552,6.9670384966084535,7.375710694883159,7.84011930130352,8.069041833988612,8.235792489274708,8.411317359587622,8.467290727381089,2
1991-07-01,5.489838569844771,5.574316295715924,5.655906381019315,5.884394839486435,6.276562098482275,6.859493756896219,7.2548789861528284,7.721419930005517,7.964356860170682,8.151852319473974,8.36244367033456,8.431134828312807,2
1991-08-01,5.242876708824317,5.310670128669567,5.37651057224557,5.562934260801393,5.890920705498296,6.402910289705948,6.774219733322043,7.254134658106317,7.534307952103629,7.773834140438379,8.07046861374197,8.170227687778466,2
1991-09-01,5.052490782509167,5.10556362166922,5.1574768058591,5.306523413875118,5.576741691258477,6.022339044221171,6.367761417577128,6.850402082238357,7.156100621818828,7.433874502437423,7.795448563524992,7.918780420714433,2
1991-10-01,4.748870710538648,4.800103013321362,4.850538212411779,4.997124451029098,5.269713043292247,5.738947850320057,6.120174417149855,6.679423700873565,7.04990896490153,7.3968392711226905,7.858788667377797,8.017330088899225,2
1991-11-01,4.265328798220136,4.322180405925506,4.378239287269868,4.541674939452188,4.847505935407819,5.3793413275845765,5.815991305912995,6.463167097587946,6.89575994037987,7.303182989480445,7.847960084008748,8.035137176924348,2
1991-12-01,3.750698160247367,3.800411398269347,3.8497082368747972,3.994948464509894,4.272461234226386,4.771085874603836,5.193941215751899,5.840013736187796,6.283025881493935,6.706949296459948,7.280283773385783,7.477866059891541,2
1992-01-01,3.627623205546693,3.7131510707612914,3.7965810774726867,4.0348477896684205,4.461966105374789,5.152276580717033,5.6749761201439295,6.386428120664463,6.825495757038684,7.217145313142168,7.71959097452873,7.890283135777867,2
1992-02-01,3.709336704129804,3.7986615217829507,3.88560718206555,4.13287048552603,4.572096330565603,5.270233255496236,5.788243815876502,6.476788543317453,6.891339806074656,7.254382362948003,7.713218955439789,7.868438218130019,2
1992-03-01,3.7807467346804193,3.89034177725683,3.9964619307169276,4.295165463324771,4.813816751513293,5.602971981966349,6.156135502258308,6.839962798686912,7.218587207310809,7.528148984782805,7.8963976375325915,8.018749379439859,2
1992-04-01,3.415334739666283,3.5383366530424976,3.6574013451660017,3.992332616173442,4.573074334447852,5.454250841501988,6.069562101613222,6.826256601076963,7.2424874847775085,7.580814221315549,7.9810639424429715,8.113820453927538,2
1992-05-01,3.458280577525234,3.5608753414792,3.660530471673292,3.9427871671636474,4.439722327390964,5.2164658468192995,5.780740473640872,6.511618812257092,6.939334018958698,7.305703856537623,7.760180539091759,7.913097025558553,2
1992-06-01,3.365740057976453,3.449326847163514,3.531082662650676,3.7657843404376696,4.19119632258939,4.892431957194394,5.435773988338355,6.194579679738982,6.6749665316539435,7.111325247720511,7.679179614348046,7.872859269676102,2
1992-07-01,2.996147678474714,3.073666545410338,3.149702230225241,3.3691714256882035,3.7715278818290723,4.447916148388576,4.983667684336435,5.7496144798180895,6.245382879959563,6.70258668510368,7.3044885781202415,7.5104305846511785,2
1992-08-01,3.013151606230066,3.0716910687005394,3.129815890834168,3.3014784476133894,3.6310185869695832,4.227349289736241,4.736499550881558,5.519196285484373,6.058563981867684,6.576252542097002,7.277891945713851,7.519825424516008,2
1992-09-01,2.558838164150749,2.619895415864687,2.680633275003122,2.8606292480978928,3.2084620388547243,3.8441547198722037,4.391966897797974,5.24107524006947,5.830088861449943,6.3976841637568445,7.169113797014667,7.435305555097836,2
1992-10-01,2.8141818932912113,2.9009987743833556,2.9860167395849686,3.2306520357353543,3.6762485137354166,4.417050850621352,4.996630675340964,5.8145334101008315,6.337530211443804,6.81588236026236,7.441696271507303,7.655455203175007,2
1992-11-01,3.077581352027309,3.17664921100424,3.2730394621680925,3.546945588147618,4.032661056984998,4.802223734255562,5.370962608630671,6.123331469927925,6.573990982833227,6.967112559727654,7.462353743240479,7.629732537324293,2
1992-12-01,2.85959548006281,2.958297667358245,3.0543554959753045,3.3274469359894616,3.812220686884999,4.581776446899266,5.15187979668444,5.908238155315837,6.3626990434130795,6.76008093125659,7.261679181221803,7.431302507581039,2
1993-01-01,2.750283271453989,2.8279624762772113,2.9041215810783965,3.123760288257633,3.5257159472976327,4.199398132466566,4.731239828216857,5.488968090919089,5.977845009755529,6.427720380075906,7.019009473871911,7.221230741932421,2
1993-02-01,2.851250780364246,2.9044052916254377,2.957171277537411,3.112941811045231,3.4117299839175934,3.9517466192645645,4.412278054974243,5.119492792982826,5.60643200300059,6.073559395365421,6.70644299895295,6.924648061912142,2
1993-03-01,2.7832933107125846,2.8430782295896533,2.9021485980791706,3.075017434887596,3.4009655610883325,3.974682359007558,4.4515138416310664,5.166565379367831,5.649328241847231,6.106879160439508,6.721477551766306,6.932899423651734,2
1993-04-01,2.8136582504529493,2.86240143703068,2.9110671571418667,3.0562529978495996,3.340400635772863,3.869413671197076,4.333057107459286,5.0623228188023175,5.574060275767841,6.070572173233543,6.748601724406581,6.982853162775614,2
1993-05-01,3.0121593841655216,3.0737356979586274,3.134366712035646,3.310656381496333,3.638745878228839,4.204266423761891,4.664353144804922,5.340207283252917,5.788475259358681,6.20856689441977,6.768249465651613,6.960362022641043,2
1993-06-01,2.991268233716128,3.0390352221217722,3.086444904749699,3.2263586130342032,3.4945656180446734,3.9788588279170254,4.391503079085972,5.024674418673361,5.4603510547971625,5.878137815651787,6.444016559542611,6.639105668046132,2
1993-07-01,2.983689106424477,3.0420264070616465,3.099350265767698,3.2653764187331924,3.5719144912846508,4.093393730561454,4.511806512379116,5.117976197744073,5.515097776427166,5.884281404062939,6.373234939616842,6.540803203039724,2
1993-08-01,2.9768220595791135,3.0209753858773727,3.064631552814606,3.1925582480333863,3.434395981563248,3.8618129390499076,4.218500779190592,4.755442780879362,5.119128500575973,5.464516777984615,5.9291258391866,6.089012439908338,0
1993-09-01,2.8771964940634507,2.929612713510992,2.981080530186359,3.129937658243197,3.4039852125333683,3.8679488467181304,4.238286998620263,4.771978896263442,5.119947708113449,5.442415092563533,5.868491854373029,6.014419056758282,0
1993-10-01,3.015781892762635,3.064360296330781,3.112162459928368,3.250983698572005,3.50870776985139,3.951158334494018,4.309608716633489,4.833972550216547,5.180488641286705,5.504454402452782,5.935318516829737,6.0831449097349655,0
1993-11-01,3.094801447355791,3.1537291043643245,3.2114715696934026,3.377820873623729,3.681578462908731,4.188750066981135,4.587457043541291,5.152993281686331,5.516363170257665,5.849808294219501,6.287138273450722,6.436618963637507,2
1993-12-01,2.9620242066426643,3.0302984626401073,3.0969546545317788,3.287631141678313,3.630647913409821,4.18856449820074,4.614208605775294,5.198527381773506,5.562257254006239,5.888731892148011,6.3096428977829495,6.4528337606933555,2
1994-01-01,2.95298184848085,3.012452690679285,3.070717233548776,3.238514354697731,3.5447010145913374,4.055312748591615,4.456185438163188,5.0239858291446895,5.388323643628121,5.722353403362135,6.1601475811751945,6.309758753097237,2
1994-02-01,3.3508799480092546,3.4235591962706486,3.494304724142225,3.6955083272960056,4.052960888339766,4.621253586062699,5.043042444471139,5.603881210764955,5.941668753828334,6.237568164546977,6.611631134295141,6.738180766252771,2
1994-03-01,3.4084315127929172,3.51732299685076,3.622480230361279,3.9168994218580013,4.421961133466721,5.1718914747081755,5.6797490409297895,6.277616786724249,6.587933457576052,6.826658674418614,7.093874225021622,7.180935554935506,2
1994-04-01,3.886383146469675,4.00015056593883,4.10970839843801,4.414721996768298,4.931175629925848,5.677319150920926,6.162240885113021,6.697648914316268,6.9497963596148615,7.1238952956532,7.295139711058559,7.348353658191032,2
1994-05-01,4.307540015014001,4.4094933703789385,4.507711771131167,4.781366570690998,5.245555270317834,5.91876302699709,6.358886396174738,6.849552973683619,7.084285100400277,7.249469204107731,7.416064424625017,7.468345261871558,2
1994-06-01,4.086345119502961,4.237744203286311,4.3809925312285385,4.766544809651449,5.374446517464986,6.152196857039217,6.595677977760229,7.039574362108117,7.245331364404599,7.4008207163407285,7.582015188278938,7.642399675723159,2
1994-07-01,4.357525556996624,4.455137955059129,4.549179937871185,4.811229420822579,5.255854764825214,5.901067334257918,6.323268426854805,6.794639975138356,7.020667077917123,7.180165537361644,7.341598675380142,7.392328849571044,2
1994-08-01,4.62090704021101,4.710156080085785,4.796200668683155,5.036302556124235,5.445020226957107,6.04223431538189,6.437163905507417,6.885539804331282,7.106246451614841,7.266758266210392,7.435396749332407,7.489137055857318,2
1994-09-01,4.677110264904928,4.817699348686964,4.95061996005046,5.307788390884309,5.868472922202815,6.577830233398185,6.974380894419039,7.359449628524466,7.531597781393508,7.658931452455326,7.805982325705421,7.854946410966463,2
1994-10-01,5.176834544360186,5.2763480021836,5.372041001469706,5.637677306629993,6.084386860172182,6.720274678600586,7.123939820285795,7.552217764597505,7.740429578320486,7.858912344992729,7.960257475021482,7.989863169909558,2
1994-11-01,5.296377691774146,5.524944753513554,5.729766260514373,6.226932534914374,6.857520572957679,7.4182458118883075,7.6368772323474206,7.8077290572986655,7.879244863162886,7.932716726303609,7.995088234274801,8.015878706337876,0
1994-12-01,4.689385087344371,5.235312319213156,5.670194253989737,6.524159063388691,7.242664747258839,7.625427320507851,7.742101556395882,7.833906694767798,7.873213653715723,7.902693765268137,7.937087228484316,7.948551716223038,2
1995-01-01,5.841553632352397,5.959954324198719,6.070058059987963,6.35637222075858,6.7735278041402776,7.227684674699855,7.4315362719195015,7.580584777080217,7.629343771808088,7.66033519835483,7.694588721842412,7.7059684994082875,0
1995-02-01,5.962664811923932,6.00680832693281,6.049421953727132,6.168641588132941,6.372803520165242,6.674870050218526,6.878369586639812,7.116088142725443,7.238131152376375,7.330982233915992,7.433682712491023,7.46700905960756,0
1995-03-01,5.902509997901578,5.952704960580979,6.001040349235861,6.135595312245745,6.363375296504074,6.6923029593141266,6.905916419715406,7.14148312995837,7.252200109387289,7.3284575422421545,7.4032146383821456,7.42641424301485,0
1995-04-01,5.9004674882249395,5.936533993209396,5.971483911765836,6.070010452873014,6.241674871433441,6.504646661125489,6.690683291646263,6.9235309040931,7.054437596091341,7.162901038226423,7.293531967157859,7.33709930558727,0
1995-05-01,5.84879422470023,5.841300292247842,5.834774131812571,5.820484617027244,5.811616956039545,5.846205004892269,5.916620855533114,6.081313204388804,6.226195410355628,6.383504727660286,6.614102391599933,6.6951827006906095,3
1995-06-01,5.6113712548931,5.611851310205298,5.612955042775615,5.619631910277008,5.645176157717067,5.726113922378245,5.823247776173363,6.011264241123778,6.162349112559535,6.3198731443540295,6.545293275456318,6.624095417185047,3
1995-07-01,5.590819788419084,5.599006926717637,5.6075549547741925,5.635082841183825,5.696429315514045,5.830628987976317,5.96393223683122,6.194702809354566,6.368105252899847,6.542895757578348,6.787759121252897,6.872908722634759,3
1995-08-01,5.470172232762716,5.484179540742455,5.498158791699982,5.539832084591959,5.621276358955484,5.77259576164904,5.904973638100769,6.112864055628675,6.25856635863395,6.399832144856123,6.592647017623617,6.659253788260426,3
1995-09-01,5.465378407180186,5.479383532337627,5.493266277383075,5.5341404712036635,5.612136094616859,5.751992548830519,5.87036660719436,6.050907955705971,6.174526115493945,6.292713103640751,6.452454861628208,6.507495964302655,3
1995-10-01,5.530967001204266,5.52844549330784,5.526605948112849,5.524792068601058,5.534788085199247,5.589639621416669,5.666155845031073,5.8247624214891065,5.956851135406589,6.09688127966378,6.299295376155965,6.370228218923686,3
1995-11-01,5.5274162488416385,5.507572409957789,5.489274736338062,5.442895084983257,5.382387365570293,5.350704228602741,5.38648016796584,5.52821603847467,5.674125873993051,5.842216586224206,6.096760653829626,6.186939264018272,3
1995-12-01,5.178776640695677,5.170517620540062,5.163240990053045,5.146785205210922,5.133945646520971,5.161855412996761,5.226980459336112,5.384107091350875,5.524091324025,5.676883068289511,5.901532819653373,5.980577982563445,3
1996-01-01,5.046428331086597,5.029838038893801,5.0148593326425654,4.97876381301986,4.93979394780714,4.951982602819281,5.0291707046973615,5.2400270180202035,5.436604718561757,5.655091892064925,5.97962189238861,6.09408407797832,3
1996-02-01,5.008523571631566,5.02456503026637,5.040679189376155,5.089285176801991,5.186375437683466,5.372382824023412,5.539525089365515,5.8079642044611575,5.999343737163705,6.186748669107212,6.4442870565808015,6.533408615436595,3
1996-03-01,5.075997089657035,5.110199557828449,5.143524948195626,5.238486918026733,5.407901360843275,5.6793292802592505,5.882701077030272,6.1561624719371215,6.322823043709374,6.470118663539058,6.657682900231658,6.721269336227651,0
1996-04-01,5.088655247242984,5.139886719620219,5.189411752839823,5.328354637982276,5.567815013116511,5.926762871500284,6.1731806247753624,6.469078954809926,6.626878551057529,6.751528099740067,6.89492374960686,6.9420657445714005,0
1996-05-01,5.095082531496643,5.162408164816106,5.227173437111211,5.407093866598562,5.710201763269601,6.143364940985335,6.420075337050668,6.716881213668528,6.849913515434512,6.93602784359777,7.013126968983211,7.03614111330063,0
1996-06-01,5.130778060337089,5.186280174422609,5.239800361253975,5.389205914432005,5.643774267626113,6.016485543004406,6.263693025781361,6.545671909561575,6.685463330747822,6.787935375085806,6.896610326908813,6.931359945598137,0
1996-07-01,5.266154746101204,5.320261889978563,5.372416280005725,5.517893299009496,5.765311605786073,6.126152259677677,6.364086878669377,6.633001488144632,6.764452213334514,6.859303743348962,6.958017196147365,6.989365035876181,0
1996-08-01,5.2317751180353,5.295847728176946,5.357534468473365,5.529188238808163,5.819500359590165,6.237892341715934,6.508760430774934,6.805930986112556,6.94441203169048,7.038777909807009,7.12994020035604,7.158063032671383,0
1996-09-01,5.121264867888504,5.17599807143582,5.228811287105255,5.3764367625676694,5.62873444621564,6.000464057149928,6.249358487975144,6.537416790869598,6.683336353901925,6.792817410606092,6.912066024282732,6.950558379326043,0
1996-10-01,5.147713550035729,5.178196306391502,5.20794409804668,5.292971040466956,5.44566273703828,5.6932379261792585,5.881418584988063,6.138671059395655,6.2981346776338825,6.440832445405982,6.624366183118578,6.686761247726674,0
1996-11-01,5.149434852271359,5.168848731971602,5.187958399919076,5.24348739558663,5.346703011308569,5.5242522451041705,5.668393574574675,5.879689388474042,6.019575558149894,6.150513074777105,6.324807191099505,6.384620161006352,3
1996-12-01,5.152723769041557,5.191953218533092,5.229940802165167,5.336878003629206,5.522600451492249,5.805316498379703,6.00361258304037,6.248957786270276,6.384946259784957,6.496234587738164,6.628738143585708,6.672774883914219,0
1997-01-01,5.1155438447282,5.158508732216912,5.2001273088537845,5.317363103211428,5.521272976673074,5.8325835843499645,6.051808054055145,6.324513162382171,6.476679408656061,6.601939234391879,6.75189600171924,6.801817165707266,0
1997-02-01,5.179314639930819,5.228710562602026,5.276358288063181,5.409458435478193,5.636591168004283,5.97019978516695,6.192535155748249,6.448033427816963,6.576113527929717,6.671145523377375,6.773358416459311,6.806206271955793,0
1997-03-01,5.298534203211418,5.364997081373685,5.428855745783797,5.605826381107275,5.902257541174086,6.320572746880466,6.582372616899211,6.853173910627162,6.966571426370419,7.032843257348366,7.0820992465387365,7.095427127270473,0
1997-04-01,5.279855945705283,5.3362284249369125,5.390476469908145,5.541288661808718,5.795790240501511,6.160833155361398,6.395399205985671,6.649531359486029,6.765454216621726,6.8422966850875415,6.913642740354176,6.935287264885096,0
1997-05-01,5.056229828937531,5.122233277799118,5.185671190409686,5.361592235356053,5.656727424139579,6.074658398330858,6.337713541734423,6.61263045985688,6.730079766681106,6.800947318852796,6.8571055517296795,6.872874112908972,0
1997-06-01,5.1710421039588494,5.221314240973272,5.26977346865779,5.404951441987102,5.63488558222903,5.970324861754361,6.1916082005268205,6.4418788833273695,6.5643487782244145,6.652828721639074,6.745049017010696,6.774351044643369,0
1997-07-01,5.235656526499889,5.2586075883409205,5.280936704580584,5.344378921901409,5.456845526184444,5.634933261190124,5.766452330182078,5.940283434703927,6.044307973118858,6.134985556060784,6.249149279751717,6.287727012326108,3
1997-08-01,5.208205523335338,5.248641731595349,5.287686299689962,5.396975545044743,5.584346976171186,5.862229073388221,6.050085431777144,6.27066707694074,6.384744016148492,6.472183677702671,6.5696791859753505,6.601402717161535,3
1997-09-01,5.087568005140685,5.1238232079391475,5.158862816854858,5.257122001315832,5.426290922790825,5.679340107183433,5.852539125536733,6.059624795850198,6.169426697877382,6.25568484269709,6.354363180282461,6.38674550961119,3
1997-10-01,5.224717651964599,5.2410596108402885,5.257065210705951,5.303133075043141,5.387092149174235,5.526810959626334,5.636243017783152,5.790855141118396,5.889829815927212,5.9804246562869885,6.099016150414025,6.139529823920595,3
1997-11-01,5.268190124593305,5.293192038173492,5.317266710061535,5.384279645960464,5.497699710325613,5.661416597544634,5.76766909585134,5.884715749629919,5.939630687501669,5.9773709595147135,6.0142585616309425,6.0256922819791985,3
1997-12-01,5.387417167214344,5.398625987488648,5.409554400661159,5.44073436090104,5.49651081936854,5.5863154455604604,5.654006289122695,5.745660372429497,5.8019221520706425,5.851911821875503,5.91584240438413,5.937541933626349,3
1998-01-01,5.238950779706496,5.235845546245492,5.2332972672669325,5.228686508963956,5.230692382093909,5.26393608792791,5.31623107912551,5.429634016672974,5.526140334520081,5.629441537241039,5.7796203059182725,5.832320480269441,3
1998-02-01,5.336635464420955,5.341354690962274,5.346176318256874,5.361156410824985,5.39267030315527,5.457216387694267,5.518397312682389,5.62083014262358,5.696079409780321,5.771014243769181,5.875158304244202,5.911301166968946,3
1998-03-01,5.197508760823377,5.214682186481425,5.231350166485091,5.278484947308552,5.361180051450621,5.489577447144168,5.582048719206599,5.700516930707101,5.768983720038208,5.827040692029774,5.898429656523006,5.9223876691069055,3
1998-04-01,5.090244578028039,5.1141839810280665,5.1373053932262245,5.202057361471107,5.313201585409529,5.478431365976208,5.590522430311016,5.7228218444062415,5.791738671941647,5.844947722693683,5.904734786278036,5.924238838286326,3
1998-05-01,5.169718237302725,5.186174358854412,5.202096359264939,5.246844056708431,5.3242715932222024,5.4412682289988465,5.522496655917208,5.621598616082961,5.675561397191194,5.719023806230168,5.769990483302965,5.7868488030810985,3
1998-06-01,5.165681146046956,5.180580956224696,5.194923181820189,5.2348173303663135,5.3022276020514605,5.3991880492414515,5.461767995741451,5.530074219784021,5.5616316918186515,5.58290123915628,5.603133524742518,5.609335165277665,1
1998-07-01,5.154209763138706,5.1689598781541415,5.183229531107306,5.223323837514844,5.29266205190951,5.397321869834368,5.469875366491328,5.558207270185922,5.606175025682699,5.6447129044361795,5.689795702318798,5.704696440519076,3
1998-08-01,5.069543271981149,5.050402830558963,5.03253541458499,4.985965176679592,4.9196492686804705,4.862611255528701,4.864753108312319,4.938236848713982,5.0279105404047675,5.136675010076056,5.305713773256836,5.365949603762302,1
1998-09-01,4.573262532156823,4.543277386096464,4.515056475347073,4.440231209549824,4.328819319496692,4.218195980972651,4.201398057133859,4.293582212823648,4.431809886195168,4.61693673617589,4.933284407461545,5.050685714843635,1
1998-10-01,4.465176158192208,4.429080228703836,4.3955402566348765,4.309020275167939,4.189612952693386,4.100872883086771,4.127923104604479,4.311455004606996,4.516870543620749,4.759926316222947,5.133083767264954,5.265694896096897,1
1998-11-01,4.665700588517779,4.644923563351501,4.625650663740869,4.576125726657542,4.508592656982285,4.4615034498588395,4.481951095194571,4.59712125946357,4.723054729563403,4.871001315175668,5.097318425357232,5.177680678006034,1
1998-12-01,4.599262096188225,4.583174055356514,4.568369405568303,4.531018870921547,4.483051165759975,4.460986433332859,4.494418349331932,4.617976906530777,4.743255576004245,4.886832134144506,5.103660968310851,5.180430190095025,1
1999-01-01,4.556386467734766,4.54382346206019,4.532357573404839,4.503988534209424,4.469988841186818,4.4642709548461434,4.504449931226488,4.6284264367116235,4.748457439186887,4.8837787864904465,5.086352094106342,5.157929408630999,1
1999-02-01,4.654777374690395,4.674282462248234,4.693321268967938,4.747761336057852,4.845610420498787,5.004512525462507,5.125517639899176,5.2912857838090295,5.394258472004988,5.486545388903349,5.6053859350929764,5.645801229303406,3
1999-03-01,4.482003999999739,4.502411454593593,4.522453742641812,4.580443271811345,4.687288104700561,4.868420004393293,5.013210270643542,5.2221764861942175,5.358606969581596,5.485151909606534,5.6524674776212525,5.709781762805869,3
1999-04-01,4.554827111016479,4.577619184261155,4.599890784568357,4.663709961181402,4.778936769225504,4.9675742348239895,5.112585953220268,5.31335107445399,5.439379918927712,5.553179546405642,5.7005892306698325,5.750802526523309,3
1999-05-01,4.611695471115363,4.6552218939367975,4.697133618971723,4.813794320586588,5.01123393769928,5.296199083941587,5.481111228904805,5.684752867585648,5.780252489723316,5.8458476785489255,5.9099117686267855,5.929763005411378,3
1999-06-01,4.78240711231647,4.820358784496488,4.857001678247713,4.959553598672928,5.13531594424645,5.3958032317550035,5.571724925065996,5.777987232924689,5.884436217242419,5.965856694220312,6.056435100085633,6.0858853775388715,3
1999-07-01,4.6552773962357055,4.7078391549869,4.758417076064117,4.899009205111068,5.136196994968811,5.476198003314299,5.694460993659342,5.930541550047728,6.03792347260092,6.108835007123919,6.174302705335711,6.194114991774131,3
1999-08-01,4.951101613402031,4.994324537808976,5.035923222096384,5.151595692860166,5.346900913271685,5.627356449230259,5.80789566103191,6.004093455572382,6.094062170101115,6.154115472253544,6.210446164881865,6.227610798700713,3
1999-09-01,4.820308180912528,4.862943382780126,4.904057142992717,5.018834966426579,5.2144245665091145,5.500854906252728,5.690904195519593,5.907808173189688,6.015430786526064,6.094396446483155,6.178235049071071,6.205053767029311,3
1999-10-01,5.083230266948044,5.122494373102942,5.160306964433743,5.265586240215706,5.44387608058863,5.7015501939476225,5.869105542696589,6.054272113850774,6.141604326484918,6.202013927110627,6.261578477223042,6.280106133448379,3
1999-11-01,5.3458841838929185,5.3810342142848215,5.414867363985748,5.508968854944373,5.667941752657559,5.896500072728784,6.043911507861445,6.204621556988913,6.278720750565965,6.328534086399988,6.375742990543657,6.390191063323581,3
1999-12-01,5.430088094709121,5.477096238331709,5.522187039096968,5.646721811679576,5.853635517383799,6.1403564101122345,6.314342456046887,6.484033701305762,6.546597792389456,6.5750347589424605,6.583451722958866,6.583638790084022,3
2000-01-01,5.716740855181049,5.774287343740755,5.829113665597955,5.978432666587522,6.218146010755452,6.5239105822990435,6.681608438483899,6.781325157715412,6.770679174743021,6.714319587819259,6.593963930097943,6.548500785900516,3
2000-02-01,5.71507347557586,5.772201083974368,5.826438585253801,5.973076363701986,6.204133377086824,6.484661908797944,6.613084583058824,6.657127751279623,6.602182494464534,6.499854235229158,6.3139082391942765,6.245532461933048,3
2000-03-01,5.930216345310964,5.9669265240683815,6.001546536212309,6.093818213894306,6.233808683835145,6.385821445420237,6.433807909602951,6.394638986124744,6.30484035099505,6.182134953279948,5.981031125173243,5.908551795462107,1
2000-04-01,5.797876136479163,5.854861912369351,5.908771130429135,6.053417865756643,6.276848230079316,6.533198683843892,6.632599213639777,6.620460074845025,6.520365698046043,6.370962809961416,6.117650931657901,6.025725361740875,3
2000-05-01,5.466132668733845,5.623562435648672,5.76397245618924,6.098886021097722,6.489834689619792,6.712686181730108,6.681284490866325,6.529345352520291,6.425763068095643,6.34086549713954,6.240427749264866,6.2069344934764645,3
2000-06-01,5.9669019887086385,5.990015279428009,6.011842749491589,6.0701920062633805,6.159431491644947,6.258801101887765,6.293488062768541,6.2775667305227465,6.228086734042767,6.158206598844006,6.042160741888472,6.000223782645822,1
2000-07-01,6.264575445155589,6.267389843558234,6.269839804916898,6.275198067107389,6.278492552566068,6.265383493886229,6.238792531251083,6.176656348377756,6.122014797873214,6.06269578102967,5.975748690866956,5.945177932124781,1
2000-08-01,6.371025099394731,6.359531795906236,6.348298082231958,6.316092043500926,6.257882438009086,6.162410892911044,6.08886105844263,5.986791216596268,5.922568229176864,5.86448177811474,5.789143255057298,5.763471005959195,1
2000-09-01,6.322269761800274,6.297155536628759,6.273244697192107,6.208216085853594,6.104193585834176,5.972724924075619,5.906313506660481,5.867504498647536,5.875953646702832,5.904524539361817,5.9627458484817115,5.984578667190174,1
2000-10-01,6.453457195126626,6.420096328468708,6.388270688772142,6.301356968431682,6.160870999779468,5.978554921213758,5.88095131729138,5.8110648773190725,5.807481645756233,5.829959404586866,5.885121340610406,5.906367836239021,1
2000-11-01,6.35450980450924,6.303254053739601,6.254475713041835,6.1219384221374415,5.9104183911707215,5.644700260098171,5.512335283555909,5.439331136709575,5.461583373572218,5.5251281428252454,5.651453657694884,5.698635619194048,1
2000-12-01,5.960929172146234,5.8981549945647265,5.838668824585818,5.67848027745009,5.428673661636141,5.134028798375415,5.0095509829393805,4.993658112179755,5.080284711997883,5.22016205685652,5.463804514107216,5.5526880598718025,1
2001-01-01,4.965006582019287,4.933244060439578,4.903725149176455,4.827545913547861,4.722273476216519,4.643520126980655,4.66650788257718,4.826414144429844,5.005883163287439,5.218415595873757,5.544848614069005,5.660865933841295,1
2001-02-01,4.8403481641431,4.805415554573442,4.772867852756143,4.688391178298704,4.569602124917911,4.472968163300533,4.486001356806862,4.637938582578773,4.815994480860736,5.029541822595393,5.359610003008102,5.477084434876847,1
2001-03-01,4.219313092580915,4.20598523129667,4.194277827162569,4.168017852368941,4.148578282925241,4.197878943457773,4.308182862430883,4.571920237547442,4.806036509373344,5.061191512601035,5.4360265999148965,5.567889372217888,3
2001-04-01,3.839500827934873,3.860270295428695,3.8811905759481893,3.9445988457551504,4.072369985047909,4.320074962184674,4.544883253368968,4.908856916937161,5.169900625110369,5.426396413522163,5.779697717039451,5.902030705085966,0
2001-05-01,3.4132121037358925,3.4540041521922706,3.494106736109817,3.6103608024741516,3.8254045508067414,4.19237208416041,4.48778817181591,4.9172033430517,5.199374199490627,5.462211972866729,5.810828705606108,5.930349433617828,0
2001-06-01,3.4497821605281946,3.4919873870069464,3.5333737254303466,3.6527684315240596,3.8714177257342732,4.238299375623438,4.528304640663417,4.942033043523023,5.209295885747863,5.455442238932362,5.7791661006438035,5.889898832177414,0
2001-07-01,3.5104172296338136,3.5195623789073163,3.5295762382487474,3.5642374969439894,3.6497219337475864,3.8560884632526102,4.074009727687519,4.466616138258432,4.769202213949938,5.0782517049128515,5.514864887049043,5.667013966315448,0
2001-08-01,3.3082342559872253,3.3214737221669197,3.335378843894073,3.3805838543914923,3.4827766344629594,3.7097431639832035,3.9374730407395524,4.334417121875294,4.6340191757905815,4.936731757297881,5.361446958614298,5.509195192963409,0
2001-09-01,2.269621516467358,2.2928676805590484,2.316896942314536,2.3930282389462163,2.5584121330143037,2.9101532226627738,3.252833714246539,3.838107958218441,4.273953830277319,4.711191575641806,5.321813538043961,5.533987330166724,0
2001-10-01,2.1297795022990877,2.085641055265145,2.0511164785432934,1.996407541812665,2.0438229361084628,2.4292160533611455,2.8883124589584566,3.608045127895962,4.04728881273367,4.41355468444332,4.85288105451507,4.999575349328836,0
2001-11-01,1.629804047857197,1.6945471757798851,1.7581332633692475,1.9421186638614478,2.2811395485888895,2.8559616930795784,3.3155285025642898,3.9789012620412407,4.412071421648422,4.813894859643609,5.345218541647884,5.527228195698183,2
2001-12-01,1.5113330405159422,1.6010289643576223,1.6883541655225272,1.9367986711906986,2.3785165985391177,3.081775589227159,3.604653896149215,4.301364324269927,4.721922358489684,5.090950993681341,5.558111055332097,5.71621930708229,2
2002-01-01,1.5417835687069943,1.6368499127154021,1.7291756946544203,1.9905805360795514,2.4504444224538906,3.168172507859532,3.688573978572393,4.361001765609521,4.753439587697859,5.088857997252724,5.504156405381109,5.64381353573201,2
2002-02-01,1.5948618074373633,1.679561338938614,1.762017323567013,1.996581534667375,2.413516314677207,3.077009123830531,3.570037453829658,4.226524709566588,4.6225142717205445,4.969793294952861,5.409220598615711,5.557923567135135,2
2002-03-01,1.626928562151496,1.7497559846521502,1.868468095445994,2.20138086010026,2.7746081868325927,3.632259750949354,4.2194698593621,4.92189948727099,5.294581551724155,5.5875318314111455,5.922871814751896,6.032939371752439,2
2002-04-01,1.5992857569398722,1.6920650566162099,1.7823325245213677,2.0388166138885575,2.493547510803146,3.213752149225286,3.7457677061971637,4.44916446989536,4.870237082890435,5.237379885998913,5.699716299639872,5.855956905691569,2
2002-05-01,1.6013361975791087,1.6870821546471464,1.7707178930637262,2.009533264788117,2.437485339976804,3.128705863504755,3.651698986703881,4.362934894280946,4.80148245645964,5.19241704734716,5.693688056295859,5.86395664897951,2
2002-06-01,1.5582728966159245,1.6224438653208946,1.6857156709817553,1.8701560688235,2.2152018402088682,2.814977561300381,3.3071951791387484,4.0364240397303845,4.523687327673886,4.982494149027039,5.595875266499497,5.806614271835987,2
2002-07-01,1.6520387692020662,1.6668127374540407,1.68336760008789,1.7425347634233417,1.894385268655632,2.2735498862694348,2.6815614364939053,3.425136585274196,4.002252818164867,4.593794024781627,5.431378847647028,5.72341920567082,2
2002-08-01,1.6501865344610411,1.6576346179909207,1.6670151669212836,1.7055373160748166,1.8197786953552546,2.1364044974089365,2.4954755728261655,3.169967681608438,3.702898635254812,4.254019422758866,5.038716477330368,5.312691340400953,2
2002-09-01,1.6038410559257175,1.5826566608908708,1.564833201586693,1.5296916479996367,1.5273961504167664,1.700988026314309,1.9927200440522799,2.639329093174085,3.1951076522456505,3.7926128592917943,4.663480268993042,4.969268137009176,0
2002-10-01,1.4708288337242879,1.456172317554828,1.444818615214028,1.428719713350084,1.462739146574938,1.7013880709712617,2.0481349358592755,2.778582780332947,3.3917280260542517,4.044057022231924,4.9890028556869925,5.320313464711504,2
2002-11-01,1.178114695430088,1.2122001896969998,1.2470672157934262,1.3556159981068314,1.584758057395269,2.056038356000147,2.504143748166392,3.2561247088954195,3.80943165721377,4.360909929037864,5.127795633960763,5.393979883424264,2
2002-12-01,1.2027752773224223,1.2035685284973856,1.2068248663113088,1.2298947943253289,1.3242850156411619,1.631752844914057,2.0046153192066254,2.730143802745977,3.3148368418200382,3.9252859660274946,4.79958527168557,5.105284601880578,2
2003-01-01,1.1224851357951027,1.1382121640451497,1.1556829386368597,1.2173894581642464,1.37349783566657,1.758684714281744,2.1704794146470663,2.917994453332871,3.4967825452633647,4.089321906085319,4.927681598126835,5.2199370471017765,2
2003-02-01,1.1899554768871168,1.1866897090633926,1.186044800508499,1.1982960960635762,1.2745363542312234,1.5563026096655637,1.9129879113272237,2.621609709228865,3.1990798791985964,3.8051707723031813,4.676016390586138,4.9807459583139755,2
2003-03-01,1.1209691947821714,1.1210250195640015,1.1236661720534058,1.1455569178293799,1.2400583696961331,1.554205265087293,1.9380007589176267,2.6875572102934377,3.2928240783565115,3.925354900862964,4.831807132121056,5.148793704423481,2
2003-04-01,1.0984071360593155,1.1034509541649065,1.1107998723660004,1.145259735614982,1.258919842608549,1.5941791044521973,1.985054165590834,2.730381368593026,3.32432943912645,3.9411100793953624,4.821559256193262,5.129159983091734,2
2003-05-01,1.1561253246510295,1.1383225075676284,1.1237601057064275,1.0977233387547545,1.1109463954328873,1.307274638943567,1.614102720523793,2.277959201008691,2.8423091868277677,3.4461145147676104,4.323684573383456,4.631618100814609,0
2003-06-01,0.8875804628118898,0.8901233731050907,0.8950222252952886,0.9224267265852993,1.0232150077577198,1.337015469621011,1.7110496168395353,2.432532220741109,3.011185503074686,3.6139470895026045,4.476025677770838,4.777348782586019,2
2003-07-01,0.8578820257080588,0.8958553350559707,0.9348384009454137,1.0569370016906527,1.3172813683816198,1.8591831847198634,2.379017527231368,3.2570474662048694,3.9059938315573786,4.554370544623714,5.457448648937029,5.771031939789968,2
2003-08-01,0.8796717338977691,0.9281375077030588,0.9769084291403993,1.1244792567668418,1.4209307100288375,1.9932802314687592,2.510938633187528,3.3467289559919724,3.94493715599134,4.532039153179342,5.340085740347189,5.619820904704918,2
2003-09-01,0.8928061280705168,0.9082185254307898,0.9255369217065984,0.9876654429444034,1.147831660268471,1.5492200331774264,1.9820003196678988,2.771650617495249,3.3849664192452957,4.013838586533393,4.904483870890727,5.215042242157757,2
2003-10-01,0.8864547274254139,0.925903723759758,0.9660802371692547,1.0902224349320246,1.3489739085072445,1.8729478650877949,2.365327119013955,3.18437968887571,3.783356727739605,4.378349712639384,5.203907578609587,5.490295214120381,2
2003-11-01,0.8527976012674913,0.9075053286937005,0.9620516620055105,1.1243778421640338,1.4405838321685005,2.025301857109009,2.534643502087598,3.3315872259128194,3.8885322053378935,4.427602943353129,5.162521328593988,5.416317274064419,2
2003-12-01,0.8400765387077958,0.883439734308159,0.9272703216910663,1.060937821479078,1.333258366147243,1.8689216390815278,2.3608935744860267,3.1649787502534803,3.7456660344195027,4.318467405898218,5.109529547836022,5.383624381773256,2
2004-01-01,0.8159215433071845,0.8608100196104397,0.9060038923899507,1.0428737457523816,1.3182733713021133,1.8511389484830252,2.3339643170408055,3.1146589340661786,3.674038863807822,4.223372639641881,4.979753744208645,5.241631048827012,2
2004-02-01,0.8951955645607006,0.9230875665142703,0.9521236318302941,1.0451880888692038,1.2510722596190582,1.6979057254317038,2.139381684884038,2.9008358572945787,3.4716067643618285,4.046205189817836,4.850485233330743,5.130109590095976,2
2004-03-01,0.9297103030179104,0.9474479615372342,0.9668200395906302,1.0336236076053753,1.197586996387365,1.5917245179397597,2.006911251785284,2.75377309893544,3.3288479369291997,3.9159260963812392,4.745076151427774,5.033993059114797,2
2004-04-01,0.8187331077419174,0.8954585224319873,0.9708328332621532,1.1890378793381846,1.5915340490301688,2.275175516317727,2.8227722307934,3.614731776380256,4.132765721142256,4.61386330339931,5.250553582594599,5.46870774711614,2
2004-05-01,0.9547072864810935,1.0404912673690603,1.124343685473277,1.364774013087865,1.7994576427576028,2.5127642904193754,3.062612161932874,3.8261721366232355,4.306917313324949,4.741923461268501,5.306328008631204,5.49867241392527,2
2004-06-01,1.2387597275417594,1.31619680490218,1.3919307753232228,1.6093072998867979,2.0031712790163527,2.6519851869493145,3.154337618311323,3.8553341642845136,4.298777161355409,4.701359086521018,5.225037700810282,5.4036295205287,2
2004-07-01,1.3656864967972508,1.4326529353720137,1.4983620929110586,1.6881572169507857,2.0366162113527353,2.6238401229210435,3.090219013204239,3.7588497420530076,4.192743628485748,4.59357585595659,5.121949619367534,5.302797309063731,2
2004-08-01,1.5367177563778152,1.5728658845758938,1.6092148397466886,1.719055416291662,1.939188300126123,2.362828266734808,2.744955089060343,3.3605765575296647,3.800488997313737,4.2318354458930925,4.8251393309260555,5.030500402702954,0
2004-09-01,1.649641965145875,1.6925576355593077,1.7351474886793303,1.860810924971802,2.101603396637904,2.536128605994787,2.906152225582945,3.473627196971982,3.863932886597364,4.238114982660351,4.744840326757639,4.91952772565133,0
2004-10-01,1.8803957486858172,1.905525174852858,1.931148404083287,2.0104834564553586,2.176417015480171,2.5138766426044747,2.832029048731901,3.362568272182324,3.7512252364395247,4.137664750109214,4.67419142522791,4.8603433819761,0
2004-11-01,2.1760931064483624,2.2133551198275443,2.250366952242988,2.359750525881127,2.5700129166664523,2.9512615853256143,3.277388242257685,3.7795784208068497,4.1261168183477945,4.459000919005474,4.910430513017648,5.0661122833931325,0
2004-12-01,2.1596265503410783,2.20268056323331,2.2450053051458094,2.367692555613782,2.5946033530156627,2.9817286554731384,3.293292434072206,3.7460630821783885,4.043512294514002,4.320539764807461,4.6879360048384635,4.813891366129055,0
2005-01-01,2.370020546940321,2.4168389715666505,2.462410493737315,2.5920111446546916,2.8222292730590017,3.1881608390285727,3.459684284566949,3.820605309632034,4.037910620978491,4.228219394660609,4.468748092741995,4.550116653995399,0
2005-02-01,2.6719384259937646,2.719620241737263,2.7659212578169976,2.8969800270810095,3.12740394157945,3.4866342487297697,3.7467246066828284,4.082184696935154,4.277559305648404,4.444269277197206,4.6503842123354096,4.719667521842483,3
2005-03-01,2.746071623426506,2.8030737493875035,2.858161855572248,3.0126259625405245,3.278499036654594,3.6760144860304282,3.947910091058241,4.272687209727912,4.444666577851766,4.57959973829208,4.733763418845693,4.784332666675234,3
2005-04-01,2.8631518189748255,2.901983971514281,2.9396756339807886,3.046275976021847,3.233352088134954,3.523973809937549,3.7334252578140834,4.0020013186137735,4.157380945509943,4.289247585283417,4.451515565728812,4.505984336251646,3
2005-05-01,2.9492755565574997,2.9792867260357,3.0084580558300282,3.09119280530974,3.2372879313882907,3.4669355684388865,3.6349726426450215,3.8545813052616564,3.9843903031485017,4.096466204233777,4.236439627186591,4.283629133559642,3
2005-06-01,3.130785281057444,3.1537832695087658,3.1761427289895146,3.239586002987544,3.351724818306441,3.528319781618733,3.657837936777714,3.827590281083678,3.928246386692695,4.015366677453085,4.124400105033138,4.161181001649358,3
2005-07-01,3.405747273640615,3.4377631848395143,3.4686297768784735,3.5547621347412663,3.7013868705138995,3.91564700622112,4.057347900717248,4.218249537280397,4.297469286697557,4.355097715505516,4.4156624978038925,4.434964945508695,3
2005-08-01,3.5528180488891565,3.5639472020637677,3.574865349431365,3.606390108303036,3.6642255386651628,3.761566676151536,3.8387690711446467,3.9492927602551973,4.020920201931653,4.087031407339329,4.174120837888928,4.203923777095906,1
2005-09-01,3.489763203720915,3.5274752096924322,3.563653631297675,3.663599508601275,3.829762099249998,4.060339206412509,4.2005993016732885,4.338063101501826,4.389328905889914,4.413264887500572,4.421626154152034,4.42233883363955,3
2005-10-01,3.9777542520712617,3.999313909587527,4.020124394631024,4.078334562815005,4.177975099518303,4.325264481451238,4.424360525790353,4.539889757342021,4.599033248638829,4.643898571669864,4.693365106072095,4.709399568341882,3
2005-11-01,4.081708259134821,4.096454316974219,4.110743657410809,4.151025344125885,4.221204592093626,4.328699179675167,4.404733058750363,4.499878706453944,4.55335579295123,4.597654756338764,4.650996653065382,4.668785867922272,1
2005-12-01,4.14979685114824,4.161807533201007,4.173349611226246,4.205347333635737,4.258989417879514,4.33482805846759,4.382436613834468,4.431956003864926,4.452918542183015,4.465386086533183,4.474991481227096,4.477646264399874,1
2006-01-01,4.499249978243473,4.496944199469692,4.494868230032164,4.489900492446655,4.484696511192957,4.487096985367802,4.498688414115937,4.529680958095613,4.558364466008326,4.590154500374377,4.637299464122685,4.6539214420475385,1
2006-02-01,4.609149741318685,4.614467187584989,4.619445569223154,4.632506001136041,4.651461080267593,4.669077181589325,4.670646058274328,4.654458662062748,4.632960249813711,4.606312219000235,4.564464645105144,4.549518592209031,1
2006-03-01,4.6985654652649504,4.703872570630763,4.709038905752056,4.72373460560367,4.749851847839279,4.791401466500187,4.822264885003637,4.863342890447655,4.888109434722849,4.909821825437211,4.9372875039689745,4.946581169459508,1
2006-04-01,4.763631877700961,4.766599360283019,4.7696882800208895,4.779587214050192,4.801481350065064,4.848986616799345,4.8959142861148734,4.976845192482473,5.037504652692571,5.098568355186125,5.184038473195518,5.213753701691988,1
2006-05-01,4.900359242057576,4.905923021516331,4.911386238775547,4.927187748479903,4.956280740067351,5.005541677531662,5.0448675194340815,5.1015478694762475,5.138508463951775,5.172763310375378,5.218027230470849,5.233529959379627,1
2006-06-01,4.912092649697749,4.926896964794289,4.941033630522979,4.9797172224927415,5.042556074121624,5.125113822458243,5.170446820674717,5.2054062467066755,5.21018354908474,5.203539747483491,5.183834630354356,5.1760756064026765,1
2006-07-01,5.138332026438742,5.12485485847115,5.112115217336622,5.077989531133463,5.025509439314013,4.966085341228019,4.944047488489581,4.949790937268954,4.975783225169453,5.013541671139729,5.07692477786495,5.099880344616477,1
2006-08-01,5.165089368932209,5.137430000249713,5.111166526670212,5.040140592159148,4.928146197409978,4.791910557752166,4.72922796563732,4.706918257318519,4.732725166867463,4.781437511559642,4.870274660965816,4.90296319472751,1
2006-09-01,4.879639048005242,4.865867207038166,4.852796268805898,4.817481197053319,4.761932190416465,4.6948116808230935,4.6644722955964495,4.655065284257512,4.669288679038263,4.694978876493717,4.741269475166109,4.758265004343927,1
2006-10-01,5.217009181863809,5.181575703276973,5.147850828174088,5.056192804087074,4.909819980961775,4.725636118875458,4.633531099722861,4.581890409754086,4.596326706151937,4.639266116225675,4.725177724666272,4.75729902951694,1
2006-11-01,5.214892887828157,5.174451617128299,5.135905055840073,5.03082780161235,4.861751296970318,4.644821962478028,4.53149170175266,4.456517849965376,4.460044413948357,4.495518153844317,4.574175404955554,4.604053470804803,1
2006-12-01,4.993446123025827,4.980124791757885,4.96744171943202,4.93294816968098,4.877769628456277,4.808028363818926,4.772793975921825,4.752193289728603,4.7566626647037165,4.771804655779264,4.802668539172626,4.814242870279941,1
2007-01-01,5.140594946563718,5.12436819747111,5.108931682134575,5.067022289990607,5.000274277951452,4.916870772293404,4.875844534913772,4.854448564110209,4.862879115466196,4.884444746089619,4.926513070288323,4.94217600019813,1
2007-02-01,5.270883479784707,5.228145299786952,5.187480153192531,5.077029082664345,4.900925416641395,4.680250748223789,4.570966137539978,4.5122117616805175,4.532476784013896,4.587249612054656,4.695144739126123,4.735382085078057,1
2007-03-01,5.145989748594692,5.106931800469569,5.069915930566891,4.970215791933962,4.81465146208485,4.630873883256399,4.552873729318873,4.541910102689841,4.594940687104603,4.681064587483001,4.831357864487202,4.886206212479687,1
2007-04-01,4.986989380412944,4.958868875410998,4.9322336039176715,4.8605786598791525,4.749123611105342,4.61862868085888,4.564694741569075,4.561145429539683,4.6028342169505105,4.668507449589764,4.781968746786946,4.823295479390026,1
2007-05-01,4.842146951880672,4.842739425497373,4.8434061923001765,4.845803101777857,4.8519974095178675,4.8675515085299885,4.884339970357951,4.914991746343037,4.938807934492518,4.963232935692721,4.997829260546821,5.0098929885603525,1
2007-06-01,4.654205320813199,4.667081798994702,4.6795266027648745,4.714425044949373,4.7745095888292495,4.8643902053704755,4.92591264045577,4.99947861814139,5.038489811950691,5.069139771183473,5.104207118152947,5.115715277388567,1
2007-07-01,5.107002790840976,5.069745140220726,5.034524578369721,4.940168899885573,4.795021851523837,4.630524918086188,4.569333631007284,4.584688615978226,4.656122121308356,4.760064138908743,4.934654450855501,4.99789400323559,1
2007-08-01,4.111763650841831,4.105323805911263,4.099716307008496,4.087442617193687,4.079847756382236,4.1096555414955676,4.170270501275655,4.3120000393496,4.436666925573305,4.572020323420716,4.7704274888349145,4.8401888486239795,1
2007-09-01,3.7660693953565936,3.774923869936812,3.7839763632162904,3.8121323249114587,3.8714749395012795,3.993294026359469,4.108958021298912,4.3028535182851515,4.44541763041399,4.587453923612992,4.784917616765057,4.853452240278807,3
2007-10-01,4.048853865985773,4.03475648445984,4.021938687956233,3.990512108869041,3.9541255240445405,3.953587654167221,4.005859433144836,4.15901500667662,4.305042678893817,4.468739654132635,4.713034039786837,4.799291346342444,1
2007-11-01,3.471777330125772,3.4330333631763486,3.3971515336661358,3.305281516200819,3.181437075198649,3.1005786543954494,3.147205377385623,3.378568129625714,3.626808386854969,3.9167024390548115,4.358806185979584,4.515683371512459,1
2007-12-01,3.238261671213827,3.2190994325344704,3.2018466256120113,3.160558699961541,3.117296111744335,3.1371961880563486,3.23346702267263,3.490914099234593,3.729194438088069,3.9932873765708363,4.384944992821244,4.523032774024558,3
2008-01-01,1.898680294186052,1.8971775311783714,1.8973823313413931,1.9072342854123407,1.960586416471068,2.1510683815296647,2.3895508314755975,2.860875919607314,3.2439076069313706,3.64540175806796,4.221823563677278,4.4234886112999545,0
2008-02-01,2.0507664866407644,1.9911843344350044,1.9374642421022374,1.8081085746687007,1.666318882182077,1.6853624058649475,1.9057844353718907,2.4861530293360996,2.9929968071104063,3.5208140364242273,4.252339903919631,4.503891196378997,0
2008-03-01,1.3896512592995403,1.3822174328063732,1.3771397134303636,1.3746957891521792,1.4167532973273385,1.6203727300196626,1.8971825291568565,2.4648554055349035,2.9350967247239255,3.432397142160274,4.150200462515617,4.401654946679332,0
2008-04-01,1.3432168446765247,1.3825271127724608,1.4216488463922827,1.5376786751922138,1.762245436156974,2.173594772422336,2.5288254466853997,3.080455514492495,3.463677120582118,3.8332894762035314,4.335945975944137,4.50942189125199,0
2008-05-01,1.9032612247686078,1.933028594035381,1.9629575571852977,2.053377611916789,2.2345154756799195,2.582916926481343,2.8970309692558516,3.4028890449411375,3.7642645224392433,4.118546125866053,4.605796350490913,4.77444419097483,0
2008-06-01,1.8153480650278508,1.8551842802439815,1.894539277999342,2.0096833838948704,2.2266853627907754,2.608349684081413,2.9253194667460316,3.4003012448419994,3.720786976626468,4.024419592133951,4.432157614140076,4.5724093317172265,0
2008-07-01,1.6565704734049933,1.6966091830755272,1.7362942166031574,1.8531158649289323,2.0759558070751147,2.475324151454103,2.813174602302333,3.3282143833821767,3.680730840918298,4.017680146119015,4.473025585941151,4.629913927870706,0
2008-08-01,1.731841117187755,1.7577991178827208,1.7840674462625379,1.8643398575137058,2.0284682967164946,2.3528295978587197,2.6518600263837824,3.142043842791964,3.496796224633166,3.8471501975692317,4.33139210327197,4.499211289810674,0
2008-09-01,1.0833306019637623,1.1313116389938738,1.1787426408052586,1.317677323283244,1.5801241767941536,2.043408861545422,2.429569176329233,3.010228194354067,3.4031557843944773,3.776096541084321,4.277558474632776,4.4501082248132695,0
2008-10-01,0.3894909262311388,0.4504143390620418,0.5106402692246538,0.6870588283058732,1.0203314017977365,1.608693631601574,2.099152786631148,2.836704470496779,3.3358349808142176,3.8095971158098507,4.44664491479154,4.665850674295476,2
2008-11-01,0.1165130859051297,0.1575104703347111,0.19845337909447183,0.3206574167614681,0.56004007192853,1.0062826665278084,1.3978316082571913,2.014302398890648,2.4472174070877295,2.867439058075688,3.441464041869281,3.6397988656020375,0
2008-12-01,0.09372161671960379,0.12032244916110728,0.14724217115839724,0.22950984025006987,0.39773474457142477,0.7302349615142433,1.036800650620991,1.5393774493202401,1.90312009848828,2.262364667487909,2.7589056380281245,2.9309881618407108,0
2009-01-01,0.19535655047043607,0.22015824497967498,0.24586519291650105,0.3276769833976475,0.5066684974437957,0.8904058565226639,1.26635745607794,1.9109961027753568,2.392321092080484,2.8758671425258897,3.551784283894304,3.7867008418949735,0
2009-02-01,0.21924563775983655,0.2531129154078248,0.28745527796046755,0.39277618872093145,0.6094709315190066,1.0411771359718536,1.441727476784822,2.1015979723508633,2.5808605977886026,3.055125412794091,3.7115053147620958,3.939058053587416,0
2009-03-01,0.24160725774804215,0.2574043076080933,0.27451252077703053,0.3327936774041039,0.4735570885079154,0.8070568001975394,1.1554075369075612,1.778728947292449,2.2571050782980002,2.744647151125388,3.4324852844534868,3.6720986572884704,0
2009-04-01,0.07499059985511887,0.10809251039723693,0.14196763531361822,0.24750370351668727,0.4705520660418811,0.9299592107385559,1.3672440743725414,2.1016478821517905,2.642317634690702,3.1813616848837496,3.9311042957828493,4.191351212652494,2
2009-05-01,0.15316279589326068,0.16405138429160968,0.17873044874533792,0.24241220296404828,0.4349407375051861,0.9449596336868961,1.476425113476267,2.3581956477861805,2.962190160914877,3.515008585721062,4.218400511629599,4.4555741616772595,2
2009-06-01,0.16167175031163167,0.18692648883179486,0.2152079384202162,0.31536499082182917,0.5635491064706174,1.1324018451300906,1.6782257191356225,2.5316501251399814,3.0899929698050332,3.5869393612778926,4.2081233943266465,4.416872799160414,2
2009-07-01,0.12188189357798498,0.14574121409191326,0.17291303422644075,0.2711790038580496,0.5200734259704539,1.097859494901807,1.6532677105595441,2.517568516662431,3.078687338267906,3.574867395027926,4.192214072062945,4.399488114884498,2
2009-08-01,0.11132168123301953,0.1269513064884827,0.14639350074875782,0.22418585181385764,0.4421651542137053,0.984807220044164,1.5246688103201411,2.380592535749041,2.9420778540963393,3.440694932198205,4.062189516456549,4.270902943126199,2
2009-09-01,0.06681574433608073,0.08566097728112594,0.1079295802842792,0.19214947949445366,0.41586728789247734,0.9538186763663451,1.4806745803279213,2.3098593728539387,2.852087588962825,3.333268397415243,3.933048438916459,4.134480853149971,2
2009-10-01,0.013371771656003915,0.03294340003892841,0.055822723359684856,0.14140461202750237,0.3672002245606482,0.9129322417713295,1.4548806577060596,2.325910836457094,2.909002747648224,3.435610428572395,4.10008528145069,4.323778474790371,2
2009-11-01,0.07483413629582363,0.07750619211990897,0.08374663197698888,0.12131641971598926,0.2616946298219635,0.6845969584204985,1.1611946414767387,2.00907044846357,2.6286243468349775,3.2231021387055288,4.007506271185442,4.274313377102459,2
2009-12-01,0.016550886314033588,0.046057157086494334,0.07903966086676281,0.19546500372057485,0.4821485522959084,1.1321851335934103,1.7480946226974547,2.696514437355905,3.3073072433795896,3.8448997693976743,4.511964324479893,4.73583036589878,2
2010-01-01,0.05791225499750859,0.058859292694900776,0.06506283459996823,0.11089602343931906,0.292915857347888,0.8330077684427796,1.4132467317156439,2.373852694759681,3.021338354645847,3.6041483970698667,4.335813554909705,4.581805528071788,2
2010-02-01,0.1087255831900141,0.11070536738975525,0.11727225404286339,0.1609339355172646,0.3292537254698096,0.8316917861220902,1.3827763105137507,2.323844557873627,2.9803245117727224,3.586942092679331,4.363122032436254,4.625113210382239,2
2010-03-01,0.1461033421229126,0.15250589143642074,0.16402565580246348,0.22493353050447576,0.4330313728698248,1.009940856424052,1.6108922163741983,2.5856783087138924,3.232721276356265,3.8098498664860063,4.530400854772687,4.772422719573209,2
2010-04-01,0.16596302543436253,0.16473886406645558,0.1693111685936984,0.21284714401825275,0.397511554234686,0.950076348679982,1.5361335644996337,2.483658672649351,3.105361046208706,3.6539426540856663,4.33361298479515,4.561581836800511,2
2010-05-01,0.14254446404151425,0.14874367253868664,0.15829481712654717,0.20458462954128354,0.35766383675088725,0.7920263431066905,1.2686085657816255,2.102262888585213,2.7040215070960074,3.2770072546762035,4.028810754658842,4.284174938635174,2
2010-06-01,0.1787413398232732,0.17741493601820027,0.17916301143598706,0.20082383312111235,0.3023201611220737,0.6404768082517838,1.0428382502254878,1.7934820684565596,2.3669957854487786,2.9366774915145335,3.711338839455341,3.9771424111450764,0
2010-07-01,0.15713739902141333,0.15531636312839014,0.15609787652106247,0.1725178724347209,0.2565968524120561,0.5521008263727024,0.9201544506108322,1.6457539119638012,2.2346464571343505,2.851539465707796,3.7368719587926478,4.0465829290286095,0
2010-08-01,0.17857324974201988,0.17103119890244622,0.16606108109599454,0.16510687532891424,0.21438887122917724,0.4429867203250464,0.7507358268702491,1.379241609908747,1.8987841575818472,2.4476951953970953,3.2395370164467376,3.5168893960741623,0
2010-09-01,0.20866317755074631,0.19230263073290724,0.17909833545709752,0.15666955514716782,0.17531806320515778,0.37737056339013764,0.685780760179811,1.3475061018613848,1.9078497496419857,2.506334317267009,3.3752869777427814,3.6801223985567253,0
2010-10-01,0.19542694874985456,0.17584194531180788,0.1593046320125575,0.12645824623069854,0.12406391222205601,0.2919457967570472,0.5834769155239051,1.259565776432696,1.8715795368542725,2.5628689429363876,3.630340361474177,4.014968930806324,0
2010-11-01,0.2281069451706854,0.21033894732321973,0.19607924565521953,0.17239757791697974,0.19558342329221173,0.4247829817660613,0.7716613834776009,1.5136315669166729,2.1410124201232903,2.810665011067912,3.7825779454398925,4.123501499173459,0
2010-12-01,0.12304681561878764,0.11696019416989781,0.11505304163854616,0.13152839725924342,0.24228740047810404,0.6401985473074465,1.1172198653875074,1.9927323941099349,2.644157282844956,3.274936875528471,4.111904208714981,4.396935171112009,2
2011-01-01,0.20035156241330945,0.17683457026541421,0.1589339815311986,0.13517542542907032,0.19361448469612397,0.5583376958906233,1.049092970192502,1.988433596241649,2.698237576691546,3.3872840130606123,4.3000099805483885,4.610528713304941,2
2011-02-01,0.16036257823374858,0.14748113096554288,0.1399569578144538,0.14562479942484716,0.25447089803345146,0.685690407397849,1.2046926470736685,2.1337957968681636,2.800631147257524,3.425924387349319,4.232989052002907,4.505861328544065,2
2011-03-01,0.05321356968537626,0.06580298744432136,0.08152411391562728,0.14512641630581882,0.3283692668911339,0.8106565981831148,1.324685514534198,2.2146063202868858,2.8562096407667403,3.4689056184014584,4.276082842841335,4.550620098188301,2
2011-04-01,0.044231833830043685,0.04311938633571426,0.04573164484939552,0.07338285806856937,0.1983458488189491,0.6068386440656751,1.0860508646866793,1.9660513333860374,2.627313690612476,3.275116169981395,4.144841120118496,4.4420959915822555,2
2011-05-01,0.05879814256638516,0.05659683650905641,0.05722597225290504,0.07442313343743162,0.16456450166735542,0.48350527948559585,0.881635191921146,1.6673665846642063,2.3054252785358322,2.9740015695895328,3.9336638348466755,4.26939051103293,2
2011-06-01,0.039737950835435625,0.03585440435371315,0.03519501545645363,0.05060860213891788,0.1444120585468337,0.48665690087965585,0.9147430202002954,1.7523906412934283,2.4235026818063714,3.1171027590624787,4.097402714866755,4.43824765491336,2
2011-07-01,0.19845268302686048,0.17368453705920292,0.15284726395040146,0.11177234494617935,0.10913841272939782,0.3122628283769899,0.6535500187944705,1.409942181643558,2.060061806122748,2.7589814029994644,3.7776527263001696,4.135338331109758,0
2011-08-01,0.08101638237231683,0.062097322819615414,0.04592825048501999,0.012582151123108256,0.0033919133752920508,0.14355515377752134,0.39971742763221657,1.0074898217594028,1.566831547097104,2.2068384910159344,3.2094621553581955,3.5731867060038827,0
2011-09-01,0.0727813216008988,0.059551083622578965,0.048876339544534284,0.030765276999656244,0.04595997224710203,0.20973360681244088,0.459599815855679,0.9956237886196198,1.4494889529468944,1.9342305278890144,2.638022864520404,2.884917532963742,0
2011-10-01,0.07335267223942323,0.057222435229850405,0.043992902576515294,0.02010591059599656,0.030801812336317923,0.2044073132677876,0.4771799207308395,1.068452069234719,1.5715315343114427,2.1099872997286098,2.892753238947577,3.16743532603077,0
2011-11-01,0.07109856783463521,0.056159111152447795,0.04397822429090515,0.022459664301748093,0.0349887634506529,0.20451031733777664,0.46781997424270566,1.036294583120268,1.519075622761748,2.035381168849196,2.7855841251935973,3.048808988616748,0
2011-12-01,0.07931582108512085,0.064035097768348,0.051273785369491565,0.02676218891150958,0.02906973141152897,0.16962816410379078,0.4020539569870932,0.9201798011725864,1.371089288206471,1.8624864239806926,2.5903869138208693,2.8477539249508443,0
2012-01-01,0.10790924200029452,0.09346410933331602,0.08103946190922583,0.05494971907649111,0.04553878323260013,0.1468514995898732,0.33916735759247224,0.8081133432279175,1.2513790578922022,1.7713702123546289,2.611875516609662,2.921805806514611,0
2012-02-01,0.13177340216036976,0.12132765735217059,0.11281586160763299,0.09795133799114716,0.10874976808892423,0.24227484781422054,0.45754246697069023,0.9525161797932105,1.4057203907268316,1.9272948286184262,2.7552587199034875,3.0581021963250308,0
2012-03-01,0.13359671101506182,0.11897278110268725,0.1070546879857419,0.08608605871325203,0.09920278134888089,0.270786413814233,0.5396690818651999,1.1293660804265786,1.6396475615703585,2.1952000099424906,3.0189443129980735,3.3104463003201032,0
2012-04-01,0.15161543282371165,0.138582934123821,0.12752443180493794,0.10527923548359899,0.10260944191894002,0.2148310155849183,0.4160910416755136,0.9002361565526933,1.3566940825412013,1.8931889730186482,2.7647325900599142,3.0871975985359126,0
2012-05-01,0.1275832362148691,0.1172792680265491,0.10853525715274365,0.09095848075028586,0.08905768687307658,0.17959850601353636,0.34279823053275094,0.7393706361424538,1.1179340534331164,1.5686043934155185,2.313580053224739,2.5919794662469013,3
2012-06-01,0.14106727926342477,0.13282786741990452,0.12607327630719378,0.11404409647153453,0.1215878581191026,0.2260439338826971,0.39874095061834863,0.8072111616465489,1.1931148807334828,1.651185169660427,2.408720384950478,2.6922110083467636,3
2012-07-01,0.16000213664794513,0.1453063709715532,0.13235456639495283,0.10318355607120966,0.08212268782401816,0.14639285320247714,0.29383944083124397,0.6749543863152838,1.047130057391418,1.493229823736254,2.23085744384069,2.505933047744509,3
2012-08-01,0.1619380755245679,0.14670028790778214,0.13322118565688218,0.10256865713498897,0.07907757191664838,0.14095290911483957,0.28928236610925373,0.6796973256784454,1.0665986760512338,1.5364213752099751,2.3264087046131263,2.6238331529900343,3
2012-09-01,0.1567945097519618,0.14192992786923722,0.12882672089534938,0.09932617862714403,0.07830474412087998,0.14603505538339293,0.30150939246927405,0.7089510990731246,1.1140589041252476,1.6089675981040577,2.4493997454007395,2.7678260520488323,3
2012-10-01,0.1645551332569773,0.15283974868935377,0.1428053077136347,0.1220363960941078,0.11642405347729945,0.20755583825455404,0.37819101132818433,0.79865801467073,1.2033329445750518,1.6877615211775998,2.4933479334120405,2.7953318460397996,3
2012-11-01,0.16591939450225973,0.15178208126095094,0.13933449218033997,0.11140674011078482,0.09204358641923373,0.15903191218682775,0.31084089403261084,0.708580391802351,1.1050193061443436,1.5910026214789201,2.42069509644777,2.7361255646945533,3
2012-12-01,0.10386030891074492,0.09347380017793966,0.08476889439257713,0.06798731353819921,0.07030196999137797,0.17682009957085462,0.36186372883040047,0.8074494194015255,1.232228380526981,1.7388871566479644,2.580216337293795,2.895616390895565,0
2013-01-01,0.10890105684505849,0.0983558153095702,0.08976161566941142,0.07475506542292927,0.08575331873243788,0.22154446199334105,0.4411766758822872,0.9487401760624065,1.4162693900957826,1.9575841454463894,2.8236863296346315,3.141827764215316,0
2013-02-01,0.15243996205851815,0.13780550429782226,0.12516224213224084,0.09827939995635951,0.08695226039218945,0.1847529021194425,0.37557025906556457,0.84882010343311,1.3032101642594895,1.8440031625547575,2.7345253444474875,3.06628419958084,0
2013-03-01,0.11805281547778172,0.10533056983375962,0.09449016172702707,0.07241201165661847,0.06839288573077823,0.1743425504891795,0.36827349218576755,0.8418778621588741,1.2950467881327457,1.8351831424234362,2.728906625412681,3.063021664605087,0
2013-04-01,0.10133668666764145,0.08885683206395134,0.07812578612022016,0.05564824909743749,0.04812048673129955,0.13993429683311337,0.3151158981915897,0.7497800239046148,1.1698827223624142,1.6742755243452916,2.5158682304962237,2.831912095250141,3
2013-05-01,0.06652377259877319,0.06009305054173926,0.055655832824140015,0.053283365132074115,0.0896026611781401,0.27241430316972837,0.5306615349513377,1.088321341038552,1.5784219425446993,2.126665962183192,2.9717539369270414,3.2766953474523097,0
2013-06-01,0.039693842131728434,0.03846937505383736,0.039562360740173254,0.055371676476144174,0.13257799425129566,0.400097059162703,0.7317028052368773,1.383940073407783,1.9126387592460077,2.46615322000766,3.2602464679819683,3.5380157413576496,0
2013-07-01,0.04599908366132421,0.03925059592169624,0.03521740837558428,0.03784216764468737,0.09701843955148923,0.35176838565475227,0.6885056748096486,1.370767774582312,1.9324675401506712,2.5248140389822695,3.378358068879428,3.6772414177078243,0
2013-08-01,0.0491322368509425,0.03543106463736777,0.026097848659807764,0.021298705235249515,0.09311971149402187,0.4228383801822413,0.8403015976860715,1.6168551357557028,2.1933582731040464,2.747355792904512,3.4760675278186395,3.7235747903087506,0
2013-09-01,0.028392848910774357,0.02246497206310192,0.019254414833338444,0.02435136257883906,0.08843243785495256,0.35249159145824704,0.6975271958369664,1.393029269011565,1.9641216666814374,2.5656395400374716,3.431762730255446,3.734996942540947,0
2013-10-01,0.057819540935420105,0.04772075383421052,0.04050967324734762,0.03455921027331107,0.08029106215243498,0.31894248225991173,0.648580197673137,1.329103055973589,1.8947065297883925,2.49376629765173,3.359235871801256,3.6624860782434694,0
2013-11-01,0.09582916829050608,0.07894794653568421,0.06563045501413617,0.045009420256043355,0.07466438538879586,0.31455424164427875,0.6663525604476899,1.4021015169876505,2.011578928860696,2.6510426639114884,3.562794277282646,3.8804423819160743,0
2013-12-01,0.09519557448119001,0.0692256522584612,0.0491627315009774,0.02024376318579312,0.07146662552500962,0.42055818532133193,0.8853594516051462,1.7495345206610626,2.3799761281460463,2.974204083937132,3.7422968736205897,4.002002062015714,2
2014-01-01,0.049698141816792725,0.03624432605091408,0.02667807934751557,0.018776583659354303,0.07706104310218151,0.36936494730249164,0.7532532588894412,1.4928046219701685,2.061295338205848,2.622988592987586,3.3796819226955632,3.638397470023072,0
2014-02-01,0.07124841936096422,0.05650204313175479,0.04575479473583207,0.034891498803189036,0.08921632471829248,0.3777651249662355,0.7597023741935317,1.4950311111642494,2.0582170392923413,2.612402160723132,3.355937095772992,3.609834056269224,0
2014-03-01,0.07093591479785662,0.051547630854010665,0.037914653578625425,0.027064108656775325,0.10713333889256771,0.4805694240604364,0.9323561336120608,1.7148340749045963,2.251389242320868,2.735899595214046,3.3438004417218967,3.5481030722402633,0
2014-04-01,0.06652644822761064,0.041898661908172735,0.023754467689893373,0.0030208080762013714,0.07467478433370624,0.45045724222934297,0.9076055509604367,1.68742915788197,2.2109805195552243,2.6759920630053626,3.2530080889086985,3.446550869131531,0
2014-05-01,0.06787646500757251,0.051174151864482244,0.03920025132685286,0.028179305591094234,0.09200615368167506,0.4079592881869593,0.8036978117221362,1.5157081989134153,2.023065598501575,2.4942863312568155,3.0972840586190804,3.3007365371928095,0
2014-06-01,0.03797500389650405,0.030202136087277606,0.02661621682726379,0.037781730377457134,0.13472291753441923,0.4857156547884748,0.8925773937147216,1.5988868483265146,2.091952648699845,2.5452704414260627,3.1220474564975156,3.3164536879112103,0
2014-07-01,0.012528433376515899,0.008476864032795671,0.00900482114879462,0.034201983817092226,0.16231605068700322,0.5674615166717908,1.0054307018682858,1.7199201517599252,2.1909582224020783,2.6074003994869424,3.1237802837299418,3.296997435051617,0
2014-08-01,0.0396480464154224,0.0250359183116498,0.016104148944209383,0.018456980989291043,0.11829810433403326,0.4983984372520298,0.9210097941697458,1.600573186853951,2.0361244530666323,2.412487232528677,2.8724759363393435,3.026423679106643,0
2014-09-01,0.02924206792640847,0.015416118029102548,0.008148172909995446,0.019564700002053584,0.14784068526197489,0.589021166290417,1.0540625312606813,1.7659010257738097,2.202427790754328,2.5698339441518745,3.0129508114773174,3.161007104191126,0
2014-10-01,-0.08375857806897777,-0.0552782445881926,-0.026368331867331736,0.06245278628170974,0.24577498530775777,0.6124594621860491,0.9537544402512328,1.5173712892487201,1.9274330266110695,2.333609117866725,2.896115553603581,3.0911562485794497,0
2014-11-01,-0.04537098774341067,-0.021595752880641892,0.0027222577144353716,0.0784171512044008,0.2381619498075415,0.5666025060431,0.8788146043024525,1.4026521802282876,1.7880424089584013,2.172132237267062,2.7062230761118555,2.8916026161058737,0
2014-12-01,-0.06250176503849766,-0.02058364749787163,0.02075088069146883,0.14126371695142137,0.366793651296966,0.7590393157541443,1.0811268637872513,1.5585686844925948,1.8777425400743828,2.1783676529399414,2.580363447658579,2.718485011391735,0
2015-01-01,-0.03392331498279354,-0.010127336398696072,0.013773031621892688,0.08584636259448937,0.22974468852761457,0.5052499852910581,0.7526774997099566,1.1498809113221435,1.4329662360914863,1.7101191633484103,2.0909426490372955,2.2227227874384337,3
2015-02-01,-0.06761642270290025,-0.030620234247046713,0.005982971982480324,0.11337129745796024,0.3168670181286419,0.6778615096295186,0.9802280327020293,1.436964359694251,1.7472145901642704,2.0423822564385383,2.439942648550357,2.5768017379548525,3
2015-03-01,-0.003905403010464134,0.02368903645556629,0.05134316667196815,0.13440568134307457,0.29903878294443637,0.6110803884577987,0.8889074542291175,1.331744862024283,1.645666589318053,1.9520614598402617,2.3721791380626898,2.517477880118772,3
2015-04-01,-0.04941057249149118,-0.02075491232902835,0.008054406589003117,0.09508161613967962,0.2693853875915476,0.6045448028223032,0.9066460838434341,1.3930618238082073,1.7404967573366898,2.0810826982046295,2.549470172897772,2.711586823258218,0
2015-05-01,-0.04268325797551994,-0.01400280382413174,0.014909865743657335,0.10267134515553984,0.2799825822101303,0.6249426633728397,0.9389309363714438,1.4484785823289628,1.8145559760446608,2.1746059804285136,2.6708706785498135,2.842734647769956,0
2015-06-01,-0.04006995081392586,-0.008412998836966732,0.023463417753507222,0.12002326373079472,0.31439380084723884,0.6906853624355239,1.0317970359359374,1.5835545825457056,1.9790053692476377,2.3674143886788075,2.9022733619102827,3.0874593677284894,0
2015-07-01,0.010211813735155456,0.040670409733882563,0.0712403852270021,0.1633066137612002,0.3466848861455014,0.6966318449859885,1.010039834998749,1.5120159671285007,1.8691611090980134,2.218478191665086,2.698138187917239,2.8640911653375527,0
2015-08-01,0.03630217676768997,0.06890274766127841,0.10148122323676698,0.19883456737786526,0.38996151421865644,0.747381423507414,1.0618820143383267,1.558237384826525,1.9074492657948103,2.2467915049375042,2.7106829363941816,2.8709959886002565,0
2015-09-01,-0.016009235839849836,0.009830075636952458,0.03599222257286861,0.11601462163178594,0.27989989935216497,0.6044670372420626,0.9041946993609495,1.396170311298216,1.7525578355910028,2.104714017058024,2.591620343708912,2.7603782480238546,0
2015-10-01,0.027454105942964702,0.05926563433876366,0.09107416380879184,0.18622720004183257,0.37340436031668817,0.7244245373194067,1.0340647556813374,1.52378200401232,1.8688830088511612,2.204549112788119,2.6637149887937834,2.8224217624435823,0
2015-11-01,0.16314945608912287,0.19911370044570562,0.2347709943812999,0.339794702429939,0.5403487638261248,0.9003779335312104,1.205438952900707,1.6711753162338423,1.9903291928473135,2.2956133506275855,2.708381724297922,2.850619612834917,0
2015-12-01,0.17353548619876286,0.2169942110082539,0.2597293982571315,0.38367569932254997,0.6131780323044175,1.0054690112760545,1.3218276708548335,1.7825000017710833,2.085689513684128,2.368398152870575,2.7436577740820227,2.8723392593784354,0
2016-01-01,0.29573343219214737,0.30891072406420894,0.32283019609509445,0.3684921976962827,0.47310640923724256,0.7086665374540998,0.9471344446318253,1.3652807691483286,1.6821046490149618,2.002864924750311,2.453487351495287,2.610299088284411,3
2016-02-01,0.34884309401911034,0.3613408779790266,0.37430957926188707,0.41570426805298516,0.5070386250181358,0.7068351546402707,0.9081972977170019,1.2676439125048224,1.549245501933145,1.8452571676830989,2.2810150216489555,2.435910377520574,3
2016-03-01,0.2633206648364345,0.27650081513706914,0.29032989671118725,0.33521690858193226,0.43645127772990544,0.6607344140488888,0.8854068840803223,1.2765929671244722,1.5716387403527279,1.8696360994721808,2.2876346386686195,2.4330375083933227,3
2016-04-01,0.24672900465867978,0.2633699580785028,0.2805099795137327,0.3344922569075573,0.45064277364332306,0.6949789019288996,0.9311698919025293,1.332327701847731,1.6299433839889717,1.9279063022072263,2.343474824170585,2.487824979230756,3
2016-05-01,0.3503338567589674,0.3689821140233742,0.3879288123880679,0.4462310188054011,0.5668912777887609,0.8090690744399144,1.0350852621201883,1.4090986129942098,1.6816114859103342,1.9517612292525324,2.326089410713848,2.4558999588277732,3
2016-06-01,0.28156984097798804,0.2854735126994875,0.29033312387971205,0.3100451498234774,0.3678484481934812,0.5268972147184686,0.706657826692451,1.0436932067876696,1.3097039262121413,1.5846478506638135,1.9759893393142454,2.1126140727365454,3
2016-07-01,0.2815089091772518,0.29152398245424316,0.3020768208540386,0.33656001179279604,0.415111062555726,0.5909519378143382,0.7682932580276449,1.0784756277791492,1.313116217308623,1.5504709378794688,1.883738716606833,1.9996965002041234,3
2016-08-01,0.33349591567025066,0.35081838976054536,0.36828354857078066,0.4213103157278243,0.5284916314994677,0.7371360562204627,0.9271396249124094,1.2356011118566497,1.4572737412687295,1.6753315869420722,1.975917983631327,2.0800184837000217,3
2016-09-01,0.30700778510212384,0.32129336246349016,0.3359635558226762,0.38193698015020033,0.4800515012304616,0.6844906788373671,0.8807560278275395,1.212445468157671,1.4576891951020805,1.7027686889979106,2.0441693248300603,2.162720793941901,3
2016-10-01,0.33226567040538457,0.3504869446083464,0.3690275357919973,0.4262276474882602,0.5451345189866359,0.7851276241753566,1.0100764284030967,1.3835505340814722,1.656304432234519,1.9270416968161754,2.3025055832225374,2.432738328394556,3
2016-11-01,0.4156938979400094,0.45024165665497556,0.48445461879892543,0.585006301807692,0.7762066609523823,1.1172126255647623,1.404338427458911,1.8401661893433543,2.1374096772612123,2.420908315773053,2.803429882267652,2.935173402832038,3
2016-12-01,0.4404996981432847,0.47877718410626185,0.5165258725880275,0.6266065511618744,0.8326985630745439,1.1913753001238534,1.486097970217642,1.9232627064632783,2.2156764269255036,2.49119571431869,2.859716287407885,2.9863449095754055,3
2017-01-01,0.4747652219024072,0.5098401121362723,0.544544020266857,0.6463687939915288,0.839354484884561,1.1817947147216037,1.4686945864048266,1.902172462042452,2.196682930719988,2.4769109029266216,2.854382612506943,2.9843292696322,3
2017-02-01,0.45503296372019175,0.4944056766029941,0.5331066477408379,0.6452630641915232,0.8525962197187077,1.2060353475331003,1.4902436196547475,1.902902734219113,2.1737899500677407,2.4259506395684616,2.760242212444372,2.874836601141201,3
2017-03-01,0.7482597475695562,0.771957919037841,0.795730205904735,0.867256520178902,1.0094762610105321,1.280229778398252,1.5222160610870235,1.9091439457621637,2.184085539097038,2.452804193431103,2.821607660522451,2.9491900870382395,3
2017-04-01,0.7858125495293201,0.8052104868016731,0.8248371421485314,0.8847964860218613,1.0073306710639922,1.2493337695353914,1.4723217031144147,1.837704970045279,2.102060207798729,2.363094996558807,2.7238446832472163,2.848862820936453,3
2017-05-01,0.9641724724638697,0.9727786001716867,0.982057405802135,1.013458745040032,1.0886291198412308,1.2652683308769352,1.44887546616353,1.7763995394598782,2.0272779926445317,2.2827106548485223,2.6428554404888924,2.7682948323704384,3
2017-06-01,0.9647042456680452,0.9831453438883703,1.0016996105495795,1.0578252194775932,1.1705171391387752,1.38793813962876,1.5844700440097146,1.901634802840255,2.12856395798751,2.351236215583188,2.6576661113475692,2.763744513769002,3
2017-07-01,1.0535675616104498,1.0616969832313876,1.0705048632163014,1.100528496968023,1.1731028818039204,1.3451775025270574,1.5249948145270789,1.846841282918999,2.093889712486744,2.345694257312988,2.7009674488908604,2.824731177737572,3
2017-08-01,1.0174137774701202,1.0251392939386061,1.0334599942537757,1.0615754369707322,1.1287385346081324,1.2862527540183588,1.4497882858795073,1.741290071811263,1.9644715519318723,2.191649823518101,2.5119085291018552,2.6234512404362835,3
2017-09-01,1.0422475749199287,1.0600690673328945,1.0779962684957562,1.1322053715193767,1.240977713731645,1.4506500121536572,1.6400364403497827,1.9454855835652838,2.1639347248132745,2.3782314045904687,2.673084339943572,2.7751505659172513,3
2017-10-01,1.104528625075608,1.1269410592782818,1.1491660214816708,1.2146474457087735,1.3397690225652716,1.5645970696530964,1.7552725966399971,2.046618156860557,2.246402914369835,2.437584509349669,2.696152752315025,2.7852608859804904,3
2017-11-01,1.2419239459568598,1.2692957288109727,1.2960812414907115,1.373049767677096,1.5128423227590122,1.7440869333230968,1.9239858035013362,2.1763230372183906,2.336746171749086,2.4828920660465825,2.673507386608476,2.7385613236693533,3
2017-12-01,1.362831422385476,1.3910550771309467,1.4185100707657596,1.4964947724201103,1.6346588697402349,1.8531940058909693,2.0143587496239728,2.227013907722696,2.354039341155018,2.4646111325728524,2.603658607893662,2.650629119829245,3
2018-01-01,1.4404020835322666,1.4820660539317805,1.5223064755517464,1.6350009951654878,1.8284384237079152,2.116012488125224,2.3111063695622183,2.5413815669246107,2.6613418774051136,2.7539652920263857,2.8580451566266656,2.8919992713723675,3
2018-02-01,1.59640240945337,1.636051337891286,1.6744059296540552,1.78215729134708,1.9684380744010168,2.2494243134044827,2.444030972669641,2.6806499898649254,2.8089263984724453,2.91182499296894,3.0320165234462557,3.0717231043177713,3
2018-03-01,1.7032723972838806,1.7364219397287657,1.7684668473541616,1.8583664326082359,2.0132929463209885,2.245493949967396,2.4048690304578937,2.596193431652246,2.6981869832807077,2.7787256316649573,2.871343621521559,2.9017887278879706,3
2018-04-01,1.7660312011748078,1.810504697536209,1.8532853086614849,1.9721226136777685,2.1722899626707064,2.458234275259464,2.6407874975065635,2.836391936025858,2.923899988275252,2.9803986228472232,3.0307748025078958,3.0457837913929584,3
2018-05-01,1.857268129068549,1.890889744699925,1.9233092283213127,2.0138019897860526,2.1679563561892694,2.393548017153324,2.543071586871988,2.7134415205075912,2.7977638938969944,2.8594630293549934,2.924757058765961,2.945619190083949,3
2018-06-01,1.8696790809109773,1.9095676235384118,1.9478718776153852,2.053903773676096,2.2310335083199067,2.4795031649282584,2.6334627473130587,2.789808666431795,2.8528754176549627,2.8874339456356433,2.9095213408266165,2.9149064766872916,3
2018-07-01,1.9944263666701334,2.0347359159966945,2.07342527544062,2.1804151310005353,2.358715753009315,2.60748190680148,2.760223231007269,2.9126649485024916,2.9719115358287094,3.0021466214593966,3.0177484109925192,3.020840819287518,3
2018-08-01,2.0670466181471276,2.098963757221219,2.1296393997662233,2.2147016988418926,2.3573872859378286,2.559377784616843,2.6864514345876893,2.819135825294841,2.875723316242149,2.9097760245254096,2.9366219870926304,2.9441386249473513,1
2018-09-01,2.170047046527493,2.20668189186851,2.2418562665669697,2.339193694517464,2.5016778669544775,2.729223585832297,2.8698224383315023,3.0118479620674057,3.0685045942866287,3.098921302781955,3.1173111792450485,3.1215940628887595,3
2018-10-01,2.287974615926963,2.318514012424533,2.3479761539764543,2.430296399718888,2.5708533407996983,2.777543624874761,2.915534968606466,3.0745357054249305,3.154559704055304,3.2141892528302587,3.278637556952639,3.2993846644091405,3
2018-11-01,2.3749272106837114,2.394056594671622,2.4126314841626506,2.4652062356045685,2.557630153655166,2.701684382266264,2.805950430345801,2.9403784602372367,3.0186355867543337,3.0853871640291177,3.1678910261486575,3.195621271440894,1
2018-12-01,2.515063992019296,2.5065081261011706,2.498701641326156,2.4793998116271876,2.456325074193255,2.4526983143716827,2.4803884423961238,2.5654593435304096,2.647720401929436,2.740418004385317,2.8791500213976615,2.928166826722328,1
2019-01-01,2.4764416453224047,2.465976089772509,2.4563672534270333,2.432253672904323,2.4018457577842973,2.390142144301155,2.415129350202934,2.501834183243981,2.5884406247391896,2.687180735096361,2.835886033062392,2.8885025101434496,1
2019-02-01,2.498812457189458,2.4906336664772164,2.4832402168158034,2.4653687342650357,2.445823850629952,2.4507231524950432,2.4874195732473674,2.588719365460392,2.68348971586869,2.7889645996781605,2.9457485678777653,3.0010560999951426,1
2019-03-01,2.4882237745191405,2.464771074138717,2.4427886562039327,2.384973881783263,2.300455344141052,2.2197069034664767,2.209056310592949,2.273162429840731,2.362095104526872,2.4734746913186982,2.649227592333721,2.712064237134469,1
2019-04-01,2.496520519708959,2.4725654504866084,2.450188002515096,2.391772105142613,2.308205842223309,2.2349256258488785,2.235290164971364,2.322733616433328,2.4313099155363695,2.5636142656221828,2.769700374839803,2.8431741166715137,1
2019-05-01,2.4406818873803093,2.4011469931798795,2.3638846678832146,2.264694277437105,2.11471780892411,1.9536242581000736,1.9051431925909053,1.9535730103103583,2.0553265052214287,2.1927464424947902,2.4168810260685323,2.497579930409306,1
2019-06-01,2.21731347600722,2.176176726743914,2.1375055221346924,2.0351439913359073,1.8827661093451478,1.7273815182213665,1.6918931756821982,1.7715044029639944,1.9009786115829104,2.0686290451861677,2.337189368525732,2.433518052270766,1
2019-07-01,2.129058038670271,2.1024067079588846,2.0774360668344447,2.0118191643735712,1.9161333518157508,1.8255701621679905,1.814931674831889,1.8906423485600232,1.9940151113480187,2.123000500568269,2.3261848879552933,2.3988019849156177,1
2019-08-01,2.1076080749520734,2.059394536529046,2.0137568690083905,1.8911490361614338,1.7011261709049086,1.4809523505107507,1.3928374447182708,1.395262851965221,1.4736131527564114,1.5933956917704395,1.798223792710079,1.8726800280129903,1
2019-09-01,1.9429166029842782,1.9124933686831602,1.8838394878808191,1.8076822859896022,1.6930195217500745,1.571545161697704,1.5372834369850967,1.5805017394710332,1.6636094347766515,1.77438028801745,1.9540557784311914,2.0186728933329547,1
2019-10-01,1.6211255636835995,1.60306662950432,1.586313748193997,1.5432568361606644,1.4845112191969638,1.4434246537250648,1.4610045782413628,1.5607314713411626,1.6698860226048229,1.798160172521862,1.994414628457259,2.06410447636894,1
2019-11-01,1.6455600358134523,1.6331424447219072,1.6217326367764189,1.5930480241948213,1.5566503780201604,1.5417049319307448,1.5700584108108693,1.670406887796141,1.7711250671842589,1.8861479541883184,2.0595311650710135,2.1208920634919077,1
2019-12-01,1.562796476800236,1.55422673475147,1.5466199058129861,1.5290708036241234,1.51369245818501,1.535808072650239,1.5950171159150717,1.7417116133379984,1.8737629862723524,2.018508200696089,2.2318400770490476,2.306945554905392,1
2020-01-01,1.6214267725129738,1.592147537077502,1.5647054864390373,1.4925410280878249,1.387084227744802,1.2864723537009282,1.2734172001196544,1.3539213742967806,1.465329214070112,1.604777811946427,1.8247649159406358,1.9034120780633423,1
2020-02-01,1.3864741798764153,1.3407556013067423,1.2977570663004054,1.1838254465969358,1.0137429592038216,0.8386122140447035,0.7961893659455507,0.8788426746013732,1.0180333604066791,1.199440106731194,1.4908666393135521,1.5954603856726333,1
2020-03-01,0.1430847038260036,0.1335179072174243,0.12519186242942687,0.10699422528028042,0.09586636023189367,0.14066302121050192,0.23134027926209932,0.4431190066606053,0.6293133523897735,0.8314280241155797,1.1276629072257809,1.2318183501506454,1
2020-04-01,0.13729215295397829,0.1272373241597727,0.11840558649715831,0.09859938815726287,0.08395498877235624,0.12121917903037735,0.20452127741779824,0.4036593209146319,0.580418080282909,0.7730550682859311,1.0560430358857156,1.155594597642115,1
2020-05-01,0.19610231936038944,0.18045685810273213,0.16616221640751722,0.13076898606716336,0.08875308561500711,0.08664278296099141,0.14889789042081564,0.34436908861819693,0.5441453267420883,0.7833460553745387,1.1694798841081429,1.3108755062224149,1
2020-06-01,0.2012609963836504,0.1848465392666096,0.16981931430058392,0.1324328438211992,0.08723721066775642,0.0812140792232652,0.1417219310878834,0.33698987497331345,0.5382520174317929,0.7800778994076213,1.1713743900622777,1.3147729033740516,1
2020-07-01,0.14706424830566145,0.12858550444943856,0.11175364451247961,0.07030458594650853,0.021502456785026103,0.017112336533672227,0.08112524693143601,0.27308063616754175,0.45738574916057645,0.6645310129994422,0.9741057816523936,1.083448796555834,1
2020-08-01,0.15644855499840976,0.13944071403906955,0.1239473436126235,0.0858532182839555,0.04177870878228091,0.044459863137544506,0.11764406559999253,0.33915922874013665,0.5617495681591146,0.8252697380170919,1.245597662604241,1.398651334025551,1
2020-09-01,0.144569240664974,0.12830363440593837,0.11350324276944734,0.07721371052615976,0.03568476063461473,0.04035824445341868,0.11298475835627708,0.33013941651543,0.5474501152243075,0.8042516894240598,1.2133266111595913,1.3622145758657909,1
2020-10-01,0.13770999969127332,0.12266515127978801,0.1091717818816659,0.07725764043107741,0.046031746895150785,0.07443477238251207,0.17126070606758614,0.4305383317245013,0.6790887597008958,0.9665262687411583,1.416357977585049,1.5789568636193432,1
2020-11-01,0.13113201757243423,0.11483059822846702,0.10025550651623141,0.06600998957550391,0.033206801928657714,0.06468674060256885,0.16622759297260692,0.42862153164936084,0.6710834361876922,0.9419433159702797,1.348831867403298,1.493170601392901,1
2020-12-01,0.13574169772965786,0.11709194559116802,0.10035496773676389,0.06065104682227472,0.020827284677149647,0.04908120278916232,0.15558134744255403,0.43639401406917416,0.6976633384181085,0.9902283089256109,1.4301552979714784,1.5862295478269062,1
2021-01-01,0.12047092903717613,0.10030053510003464,0.08236571289414274,0.04080190045355546,0.003483853836163016,0.05179999635215628,0.18659106449267526,0.5229389392022561,0.8265383490850833,1.1596898007831116,1.6510098438397753,1.824009074923889,3
2021-02-01,0.06255517140888528,0.051334750889066,0.042130610742547536,0.025501957634388884,0.03288788450077412,0.15346956186821376,0.34299308192715616,0.7538586887431866,1.1034592608934652,1.477652358874899,2.0216332634939387,2.212523409023495,3
2021-03-01,0.023814917857468414,0.01789881286463563,0.01390527763228944,0.01235940509270411,0.04756033701995176,0.2153678764563124,0.4427037836420577,0.9082325617442858,1.293575723641602,1.7009546571165066,2.2888459473740275,2.494780699558186,3
2021-04-01,0.016997299053776976,0.011471599980103043,0.007770866833465683,0.006572930721501736,0.04051702494532426,0.2008002082761317,0.41747273925306394,0.8607567239982827,1.2275160142039692,1.6151657562499593,2.1745142510086906,2.3704445854757537,3
2021-05-01,0.026653305522871776,0.01739654908158761,0.010144812761969527,-0.0007032885582631231,0.017833300847302797,0.15873966044319798,0.36573488395823023,0.8036224957691956,1.1719352173692512,1.5641412014835536,2.132585889081325,2.3319159722397966,3
2021-06-01,0.04053825412872065,0.041027522756193965,0.04281969817774172,0.055231490291578415,0.1055715013533588,0.2689831903813383,0.46689645771018945,0.8517558446523866,1.161800014819597,1.4854478724789386,1.948936533716899,2.110991619533083,3
2021-07-01,0.06356156282639448,0.056947626892067824,0.051893617728929115,0.04521269717753791,0.06309565312459789,0.17921631185687428,0.3459915424312652,0.6957393729119613,0.9886814235669218,1.3000388997981098,1.7508002461472363,1.9088210455381214,3
2021-08-01,0.04212055652518433,0.03990621340047841,0.03904409540675682,0.04378124600199458,0.08000054361322027,0.2195296499263127,0.39840029473882743,0.7558478705009704,1.0480374800027783,1.3551503535199318,1.796802242364677,1.9513794539988778,3
2021-09-01,0.02487358174298343,0.03142033599575697,0.038958123458670245,0.06687298009474398,0.14151541677500346,0.3340150734552202,0.54474162072999,0.9327005917697327,1.2356503145374738,1.5471222767046933,1.988994558954094,2.143135125781659,3
2021-10-01,-0.002752586181762481,0.02208123263936392,0.04681519223141515,0.12027744126066389,0.2628459881996112,0.5250452293289027,0.7523111451772411,1.1063705482455193,1.3529675965629966,1.5911702312802118,1.9154594709852302,2.0274085102706225,3
2021-11-01,0.014510901792910707,0.042619653079188496,0.07032251956452182,0.15101173561513148,0.301713792989719,0.5629746741829246,0.7767976807292246,1.0927387035104905,1.303361723232061,1.501393092112162,1.7658594100808662,1.8566961131108197,3
2021-12-01,0.020656894920789825,0.05907000624510244,0.09653200655147244,0.203469896265388,0.39497725091497127,0.703936879005016,0.9373774214106609,1.2543342313722639,1.4494509705364118,1.6231769216023249,1.8457224450592207,1.9212950761163976,3
2022-01-01,0.11809411941708081,0.17989097448747787,0.23945318665283652,0.4055687446273026,0.6879912134341012,1.0995853882187643,1.3706884377708282,1.676557556650255,1.8256695183680518,1.9329347604797227,2.0441488221134048,2.0794172777801867,3
2022-02-01,0.12381385920140217,0.23111702688330388,0.3309119682462415,0.590840373896318,0.9733178226348359,1.408672493622297,1.6274081523696509,1.8259451702601248,1.9133115397731322,1.978813547697141,2.0551941922559784,2.0806538531595873,3
2022-03-01,0.15027124601845232,0.36009790457463886,0.5513290962979848,1.0290688947743345,1.6630892741384784,2.2275112687066554,2.403855015002052,2.465038993175445,2.4604436117268134,2.450208782165138,2.4367882759928685,2.4322976374271383,3
2022-04-01,0.4285661897175162,0.6615946631703393,0.873058277448208,1.3971882680094918,2.082284171477385,2.6821369931591335,2.8736405402402685,2.9593952244129085,2.972813705288591,2.978529945244642,2.9844181181727594,2.9863739036587806,3
2022-05-01,0.7331943927970755,0.9433770570138431,1.1286011629334987,1.5655564552438166,2.093936518010994,2.5460310937201895,2.725339744256555,2.8721979197174834,2.935269293162134,2.982574071580839,3.0377629923235996,3.056159299239979,3
2022-06-01,1.2611173971898828,1.6170956785108312,1.88962534354956,2.390983224638136,2.771348380810321,2.9634023498126916,3.0239813855273137,3.0722141671991308,3.09288255906295,3.108383850880831,3.1264686913336974,3.1324969714846524,3
2022-07-01,2.4690435698861304,2.4877285497776844,2.505648633316569,2.5551258109435606,2.6372692864283676,2.7508986655730974,2.819642694968934,2.886286160710049,2.910503381741804,2.921126249426311,2.923496809478677,2.9232301877488367,1
2022-08-01,2.4216926347793386,2.7131084018830776,2.9339762656067707,3.3165695160733546,3.510685434744583,3.457958543959582,3.3999958317997994,3.348258758395989,3.32591398716934,3.309154532054441,3.289601830379475,3.283084263154302,1
2022-09-01,2.8727444132825717,3.1297447038320527,3.3446076624712884,3.7956864587436483,4.180493096196014,4.246677325451739,4.160541344382663,4.043945117025317,3.988604778026228,3.94686625236866,3.8981618327636878,3.8819270154560916,1
2022-10-01,3.7166190503168197,4.013301946192891,4.228671748733924,4.5642116920391596,4.6524504236342485,4.493962491448952,4.397306165899743,4.315233834965799,4.279934529535526,4.2534595934054735,4.222572166412571,4.212276357414896,1
2022-11-01,4.442728586981312,4.439265401765769,4.435501931068826,4.422617075700846,4.391289847930697,4.316619687267518,4.238347487808151,4.097978624926302,3.9901014097044447,3.8800792653693095,3.72478696528348,3.67068371619338,1
