Date,1 MO,2 MO,3 MO,6 MO,1 YR,2 YR,3 YR,5 YR,7 YR,10 YR,20 YR,30 YR
1990-01-01,7.994548475830372,8.01112381429298,8.027051829601934,8.071205015049179,8.145210945339338,8.249796087863965,8.315405419149625,8.383563268606215,8.412346135245622,8.429398879119516,8.442435409455937,8.446022420024626
1990-02-01,7.999677587611126,8.022911544855967,8.045166273942545,8.106452761287,8.207570551782075,8.345454391117494,8.426767107787391,8.501494015933757,8.52503198556688,8.531369321603671,8.524469007744669,8.520693590979175
1990-03-01,8.048064893049618,8.084309807737643,8.118848688942967,8.212956077397815,8.364199743694806,8.557658240421448,8.658053760990168,8.722952377890422,8.717937750101557,8.68420727276466,8.610934961221869,8.583186087796136
1990-05-01,7.961351556933178,7.993744054040931,8.024690930992326,8.109460284877624,8.24750910391424,8.429995643291791,8.53144340145467,8.61234559979722,8.626359680886427,8.61554454827501,8.577762653213918,8.562650806510714
1990-06-01,7.925980866802522,7.946198227689186,7.965596045316204,8.019198836080584,8.108373452515218,8.232302019238704,8.30788211697906,8.38233198065514,8.410425822566403,8.423895714658418,8.429292280699402,8.429994011990248
1990-07-01,7.654555336024623,7.669010407548813,7.683165675762742,7.723895249742001,7.79807708322562,7.921386925134355,8.017845485901082,8.15394503822944,8.24095828788687,8.320535190101326,8.424634665549513,8.460191064016566
1990-08-01,7.543408308163599,7.5743037624224545,7.6044200379128775,7.6903102310139415,7.843821099389273,8.090592898583592,8.276242021206158,8.527054839933678,8.680663780611203,8.816918332152106,8.990934295918333,9.049976759197156
1990-09-01,7.30239099472393,7.344782311227574,7.3858643837855285,7.501695549172697,7.703578789134964,8.01304905720114,8.232177441303534,8.506771504109249,8.661372093393647,8.789626936656697,8.944270469312444,8.99586424524251
1990-10-01,7.250996556687188,7.280613268608704,7.309584435986285,7.3927715943737144,7.543621768837859,7.792475046439621,7.985469610776846,8.255261811701219,8.426224935557507,8.58162176956253,8.783950499324945,8.852969026764411
1990-11-01,7.196240455654257,7.214601757495992,7.232741964294931,7.285820112874469,7.385866405780907,7.561868879192015,7.708071439756614,7.927204889436669,8.075088622553288,8.215211886998718,8.40339431414151,8.468125799112356
1990-12-01,6.518079835239362,6.556246579968872,6.59341260055929,6.699196491862515,6.88744619326051,7.187667775994544,7.411352150884454,7.710141920528607,7.890976983317706,8.049970563031238,8.251572349285981,8.319835320561152
1991-01-01,6.213710456345658,6.261939063011507,6.30875757037304,6.441206110190832,6.6737819232608135,7.035498721790384,7.296575551618364,7.63198304905563,7.826448825007431,7.991779165690184,8.195540795273947,8.263969083013306
1991-02-01,6.022795830878716,6.081752865835632,6.138798878691591,6.299137147769178,6.576628697246909,6.996101222509255,7.287496798397959,7.64328991530851,7.837220925826721,7.993559503357563,8.17705488300557,8.237766910892312
1991-03-01,5.682030057939444,5.762327576040429,5.839740179086548,6.0557446016676675,6.423400688870595,6.9604891280407335,7.315531563747954,7.7183961694090835,7.916530231342225,8.060487221084898,8.211558386186288,8.25968021675029
1991-04-01,5.429309047747351,5.513365644650109,5.594477270347387,5.82122400364635,6.208823600557966,6.78015089707622,7.162932400396252,7.606376235785451,7.831326778194055,8.000355377781231,8.184771250597425,8.244333436215056
1991-05-01,5.5196013340816235,5.596168315484137,5.670212670978355,5.878099750958976,6.236989463938831,6.776806997135869,7.149191876195507,7.599442297731016,7.841756814454298,8.034819864456983,8.258831963067648,8.332680264150152
1991-06-01,5.497552296151079,5.589788142846128,5.678715845765564,5.926882788315368,6.349407822479547,6.967038496608446,7.375710694883152,7.840119301303515,8.069041833988605,8.2357924892747,8.411317359587613,8.467290727381082
1991-07-01,5.489838569844765,5.57431629571592,5.655906381019309,5.884394839486429,6.276562098482269,6.859493756896212,7.254878986152821,7.72141993000551,7.964356860170674,8.151852319473969,8.362443670334553,8.431134828312798
1991-08-01,5.242876708824312,5.310670128669562,5.3765105722455635,5.562934260801387,5.8909207054982895,6.402910289705943,6.774219733322038,7.2541346581063095,7.534307952103622,7.773834140438374,8.070468613741962,8.170227687778459
1991-09-01,5.052490782509164,5.105563621669216,5.157476805859098,5.306523413875112,5.576741691258473,6.022339044221167,6.367761417577124,6.850402082238352,7.156100621818823,7.4338745024374155,7.795448563524987,7.918780420714426
1991-10-01,4.7488707105386405,4.800103013321356,4.850538212411773,4.997124451029091,5.269713043292241,5.738947850320051,6.120174417149848,6.67942370087356,7.049908964901523,7.396839271122681,7.858788667377787,8.017330088899216
1991-11-01,4.265328798220132,4.322180405925501,4.378239287269863,4.541674939452182,4.8475059354078125,5.379341327584571,5.8159913059129895,6.4631670975879425,6.895759940379865,7.30318298948044,7.847960084008741,8.03513717692434
1991-12-01,3.7506981602473615,3.8004113982693406,3.849708236874791,3.994948464509888,4.27246123422638,4.77108587460383,5.193941215751893,5.840013736187791,6.28302588149393,6.706949296459943,7.280283773385776,7.477866059891534
1992-01-01,3.627623205546688,3.7131510707612865,3.796581077472682,4.034847789668415,4.461966105374785,5.152276580717027,5.674976120143924,6.3864281206644575,6.825495757038675,7.217145313142161,7.719590974528721,7.890283135777859
1992-02-01,3.709336704129799,3.798661521782945,3.8856071820655447,4.132870485526023,4.572096330565598,5.270233255496231,5.788243815876497,6.47678854331745,6.891339806074649,7.254382362947996,7.713218955439782,7.868438218130012
1992-03-01,3.7807467346804167,3.8903417772568267,3.996461930716925,4.295165463324769,4.81381675151329,5.602971981966346,6.156135502258305,6.839962798686909,7.218587207310806,7.528148984782799,7.896397637532587,8.018749379439853
1992-04-01,3.415334739666277,3.5383366530424927,3.6574013451659964,3.9923326161734365,4.573074334447846,5.454250841501983,6.069562101613217,6.826256601076958,7.242487484777501,7.580814221315545,7.981063942442964,8.11382045392753
1992-05-01,3.4582805775252314,3.5608753414791963,3.6605304716732903,3.942787167163644,4.439722327390961,5.216465846819296,5.780740473640869,6.511618812257088,6.939334018958693,7.305703856537618,7.760180539091752,7.913097025558548
1992-06-01,3.3657400579764483,3.44932684716351,3.5310826626506713,3.765784340437665,4.191196322589386,4.892431957194391,5.435773988338352,6.194579679738978,6.674966531653939,7.111325247720507,7.679179614348042,7.872859269676097
1992-07-01,2.996147678474707,3.073666545410331,3.149702230225234,3.3691714256881964,3.771527881829066,4.447916148388569,4.983667684336428,5.749614479818083,6.245382879959557,6.702586685103672,7.304488578120233,7.510430584651171
1992-08-01,3.013151606230066,3.0716910687005394,3.129815890834167,3.301478447613389,3.631018586969582,4.227349289736239,4.736499550881555,5.5191962854843695,6.058563981867682,6.5762525420969995,7.277891945713846,7.519825424516004
1992-09-01,2.5588381641507483,2.619895415864687,2.6806332750031214,2.860629248097892,3.208462038854724,3.8441547198722024,4.391966897797972,5.241075240069467,5.83008886144994,6.397684163756839,7.1691137970146634,7.43530555509783
1992-10-01,2.814181893291207,2.900998774383352,2.9860167395849646,3.2306520357353494,3.6762485137354126,4.417050850621347,4.99663067534096,5.814533410100826,6.337530211443799,6.815882360262353,7.441696271507296,7.6554552031749985
1992-11-01,3.0775813520273023,3.176649211004233,3.2730394621680867,3.5469455881476124,4.032661056984992,4.802223734255557,5.370962608630665,6.123331469927919,6.57399098283322,6.9671125597276475,7.462353743240473,7.629732537324285
1992-12-01,2.8595954800628083,2.958297667358243,3.0543554959753028,3.3274469359894594,3.812220686884997,4.581776446899263,5.151879796684438,5.908238155315834,6.362699043413077,6.760080931256585,7.261679181221798,7.431302507581036
1993-01-01,2.750283271453984,2.827962476277207,2.9041215810783916,3.1237602882576287,3.5257159472976287,4.199398132466562,4.731239828216852,5.488968090919085,5.977845009755523,6.4277203800758995,7.019009473871904,7.2212307419324135
1993-02-01,2.851250780364244,2.904405291625436,2.957171277537409,3.112941811045229,3.411729983917592,3.9517466192645614,4.412278054974241,5.119492792982823,5.606432003000586,6.073559395365415,6.706442998952945,6.924648061912136
1993-03-01,2.783293310712583,2.8430782295896515,2.902148598079169,3.075017434887594,3.4009655610883303,3.9746823590075544,4.451513841631064,5.166565379367828,5.649328241847228,6.106879160439504,6.721477551766301,6.93289942365173
1993-04-01,2.813658250452953,2.8624014370306834,2.911067157141869,3.056252997849602,3.3404006357728644,3.869413671197075,4.333057107459286,5.062322818802315,5.574060275767838,6.070572173233541,6.748601724406576,6.9828531627756085
1993-05-01,3.0121593841655203,3.0737356979586252,3.1343667120356438,3.3106563814963312,3.6387458782288364,4.204266423761888,4.664353144804919,5.340207283252912,5.788475259358678,6.208566894419764,6.768249465651609,6.960362022641038
1993-06-01,2.9912682337161276,3.039035222121772,3.086444904749698,3.2263586130342023,3.4945656180446725,3.978858827917024,4.391503079085971,5.024674418673357,5.460351054797159,5.878137815651782,6.444016559542605,6.639105668046126
1993-07-01,2.983689106424476,3.042026407061645,3.0993502657676966,3.2653764187331915,3.57191449128465,4.093393730561452,4.511806512379113,5.1179761977440705,5.515097776427163,5.8842814040629365,6.373234939616839,6.5408032030397205
1993-08-01,2.9768220595791095,3.020975385877369,3.064631552814602,3.1925582480333823,3.4343959815632443,3.861812939049906,4.218500779190589,4.755442780879358,5.119128500575968,5.464516777984611,5.929125839186595,6.089012439908333
1993-09-01,2.8771964940634476,2.9296127135109886,2.9810805301863557,3.1299376582431933,3.4039852125333656,3.8679488467181264,4.238286998620259,4.771978896263438,5.119947708113444,5.442415092563528,5.868491854373023,6.0144190567582765
1993-10-01,3.0157818927626354,3.064360296330781,3.112162459928368,3.250983698572005,3.50870776985139,3.951158334494019,4.30960871663349,4.833972550216548,5.180488641286706,5.504454402452782,5.935318516829737,6.0831449097349655
1993-11-01,3.0948014473557874,3.153729104364321,3.211471569693399,3.377820873623727,3.6815784629087287,4.188750066981134,4.58745704354129,5.15299328168633,5.516363170257665,5.849808294219501,6.287138273450722,6.436618963637507
1993-12-01,2.9620242066426594,3.030298462640102,3.096954654531774,3.2876311416783093,3.6306479134098177,4.188564498200739,4.614208605775294,5.1985273817735065,5.562257254006241,5.888731892148013,6.3096428977829495,6.4528337606933555
1994-01-01,2.9529818484808485,3.0124526906792832,3.0707172335487747,3.23851435469773,3.5447010145913365,4.055312748591614,4.456185438163188,5.0239858291446895,5.388323643628122,5.722353403362136,6.160147581175196,6.309758753097238
1994-02-01,3.3508799480092533,3.4235591962706478,3.494304724142224,3.695508327296005,4.052960888339766,4.6212535860627,5.043042444471141,5.603881210764958,5.9416687538283375,6.23756816454698,6.611631134295146,6.738180766252774
1994-03-01,3.408431512792915,3.517322996850758,3.622480230361276,3.916899421857999,4.42196113346672,5.171891474708175,5.6797490409297895,6.277616786724251,6.587933457576052,6.826658674418617,7.093874225021624,7.180935554935506
1994-04-01,3.88638314646967,4.000150565938824,4.109708398438005,4.414721996768294,4.9311756299258445,5.677319150920924,6.16224088511302,6.697648914316269,6.949796359614862,7.1238952956532025,7.295139711058561,7.348353658191033
1994-05-01,4.307540015014,4.409493370378938,4.5077117711311665,4.781366570690997,5.245555270317835,5.918763026997091,6.358886396174738,6.849552973683619,7.08428510040028,7.249469204107734,7.41606442462502,7.46834526187156
1994-06-01,4.0863451501460775,4.237744226404853,4.380992547782056,4.766544811323677,5.374446504494852,6.1521968423418265,6.595677970234361,7.039574364084106,7.245331368836248,7.400820720783238,7.582015191553493,7.642399678566157
1994-07-01,4.357525556996621,4.4551379550591275,4.549179937871182,4.811229420822578,5.255854764825213,5.901067334257917,6.323268426854805,6.794639975138354,7.020667077917123,7.180165537361645,7.341598675380142,7.392328849571044
1994-08-01,4.620907040211008,4.710156080085782,4.796200668683153,5.036302556124235,5.445020226957105,6.042234315381888,6.437163905507415,6.885539804331281,7.106246451614839,7.266758266210392,7.435396749332406,7.489137055857318
1994-09-01,4.677110148139615,4.8176992612716605,4.9506198982314045,5.307788386951198,5.868472974289058,6.577830287788898,6.974380916399696,7.359449610572885,7.531597756745227,7.658931433934037,7.805982322240276,7.854946412847343
1994-10-01,5.176834544360185,5.2763480021836,5.3720410014697055,5.6376773066299934,6.084386860172183,6.720274678600586,7.123939820285797,7.552217764597509,7.74042957832049,7.85891234499273,7.960257475021485,7.98986316990956
1994-11-01,5.296377586852816,5.524944690651316,5.729766229754079,6.226932557963258,6.857520608381643,7.41824580581041,7.636877210898439,7.807729042148195,7.879244856601655,7.932716726915179,7.995088243325423,8.015878718201748
1994-12-01,4.689348970296657,5.235298015090688,5.670192360799171,6.524166161829354,7.242661759980855,7.625420432356384,7.742097615737138,7.833906032684269,7.873214429272182,7.9026956191984175,7.937090340517865,7.948555247624343
1995-01-01,5.8415535295088805,5.959954251151265,6.070058012306684,6.356372227440381,6.773527854484139,7.227684708505556,7.431536270240083,7.5805847478261885,7.629343746683754,7.660335186531711,7.69458873068941,7.705968515292115
1995-02-01,5.96266481192393,6.006808326932809,6.04942195372713,6.16864158813294,6.372803520165242,6.674870050218527,6.8783695866398125,7.116088142725445,7.238131152376376,7.330982233915995,7.4336827124910245,7.467009059607562
1995-03-01,5.902509997901572,5.952704960580974,6.001040349235856,6.135595312245741,6.3633752965040715,6.6923029593141266,6.905916419715406,7.14148312995837,7.252200109387289,7.3284575422421545,7.4032146383821456,7.426414243014852
1995-04-01,5.9004674882249395,5.9365339932093955,5.971483911765835,6.070010452873013,6.241674871433441,6.504646661125489,6.690683291646263,6.923530904093102,7.054437596091343,7.162901038226424,7.293531967157861,7.337099305587272
1995-05-01,5.8487942247002325,5.841300292247845,5.8347741318125745,5.8204846170272475,5.811616956039548,5.846205004892272,5.916620855533116,6.081313204388807,6.22619541035563,6.383504727660289,6.614102391599936,6.695182700690613
1995-06-01,5.6113712548931,5.611851310205297,5.612955042775615,5.619631910277007,5.645176157717067,5.726113922378244,5.823247776173363,6.011264241123778,6.162349112559535,6.3198731443540295,6.545293275456318,6.624095417185047
1995-07-01,5.590819788419083,5.599006926717637,5.6075549547741925,5.635082841183825,5.696429315514047,5.8306289879763185,5.963932236831221,6.194702809354566,6.368105252899847,6.542895757578348,6.787759121252898,6.87290872263476
1995-08-01,5.470172232762716,5.484179540742455,5.498158791699983,5.539832084591959,5.621276358955485,5.772595761649041,5.9049736381007705,6.112864055628677,6.25856635863395,6.399832144856123,6.592647017623618,6.659253788260427
1995-09-01,5.465378407180186,5.479383532337627,5.493266277383074,5.5341404712036635,5.612136094616858,5.75199254883052,5.870366607194361,6.050907955705973,6.174526115493947,6.292713103640753,6.452454861628211,6.507495964302658
1995-10-01,5.530967001204261,5.528445493307835,5.526605948112843,5.524792068601054,5.534788085199244,5.5896396214166675,5.666155845031072,5.824762421489106,5.9568511354065885,6.096881279663781,6.299295376155965,6.3702282189236845
1995-11-01,5.527416248841635,5.5075724099577865,5.489274736338059,5.442895084983254,5.38238736557029,5.35070422860274,5.386480167965839,5.528216038474669,5.674125873993051,5.842216586224206,6.096760653829624,6.186939264018271
1995-12-01,5.178776640695676,5.170517620540061,5.163240990053044,5.146785205210921,5.13394564652097,5.16185541299676,5.2269804593361116,5.384107091350875,5.524091324025,5.676883068289511,5.901532819653373,5.980577982563444
1996-01-01,5.046428331086595,5.029838038893799,5.014859332642564,4.9787638130198575,4.939793947807139,4.951982602819279,5.029170704697361,5.2400270180202035,5.436604718561757,5.655091892064926,5.979621892388611,6.094084077978321
1996-02-01,5.008523571631567,5.02456503026637,5.0406791893761556,5.089285176801991,5.186375437683466,5.372382824023411,5.5395250893655135,5.8079642044611575,5.999343737163704,6.186748669107213,6.4442870565808015,6.533408615436595
1996-03-01,5.075997089657034,5.110199557828448,5.143524948195626,5.238486918026733,5.407901360843276,5.6793292802592505,5.882701077030274,6.156162471937123,6.322823043709374,6.470118663539061,6.657682900231659,6.721269336227653
1996-04-01,5.088655247242982,5.1398867196202165,5.189411752839821,5.328354637982274,5.56781501311651,5.926762871500284,6.1731806247753624,6.469078954809928,6.626878551057529,6.751528099740069,6.89492374960686,6.942065744571401
1996-05-01,5.095082531496636,5.1624081648160995,5.2271734371112055,5.407093866598556,5.710201763269597,6.143364940985334,6.420075337050666,6.716881213668528,6.849913515434514,6.93602784359777,7.013126968983211,7.036141113300632
1996-06-01,5.13077806033709,5.18628017442261,5.239800361253976,5.389205914432006,5.643774267626115,6.016485543004407,6.263693025781363,6.545671909561576,6.685463330747823,6.787935375085807,6.896610326908814,6.931359945598138
1996-07-01,5.266154746101209,5.320261889978567,5.372416280005728,5.5178932990095,5.765311605786077,6.12615225967768,6.364086878669379,6.633001488144637,6.764452213334518,6.859303743348964,6.9580171961473685,6.989365035876186
1996-08-01,5.231775118035298,5.295847728176944,5.357534468473363,5.529188238808161,5.819500359590165,6.237892341715935,6.508760430774934,6.805930986112557,6.94441203169048,7.038777909807011,7.1299402003560415,7.158063032671386
1996-09-01,5.121264867888501,5.175998071435815,5.228811287105251,5.376436762567667,5.6287344462156375,6.000464057149927,6.249358487975142,6.537416790869598,6.6833363539019235,6.7928174106060935,6.912066024282732,6.950558379326043
1996-10-01,5.147713550035731,5.178196306391504,5.2079440980466805,5.292971040466957,5.445662737038281,5.693237926179259,5.881418584988064,6.138671059395656,6.298134677633885,6.440832445405984,6.62436618311858,6.686761247726676
1996-11-01,5.149434852271359,5.168848731971602,5.187958399919076,5.24348739558663,5.346703011308569,5.524252245104172,5.668393574574677,5.879689388474044,6.019575558149896,6.1505130747771055,6.324807191099506,6.384620161006353
1996-12-01,5.1527237690415575,5.191953218533092,5.229940802165167,5.336878003629206,5.5226004514922495,5.805316498379705,6.003612583040372,6.248957786270278,6.38494625978496,6.496234587738167,6.628738143585711,6.672774883914221
1997-01-01,5.115543844728199,5.158508732216911,5.200127308853784,5.317363103211427,5.521272976673074,5.832583584349965,6.0518080540551455,6.324513162382171,6.476679408656063,6.601939234391881,6.751896001719243,6.801817165707267
1997-02-01,5.179314639930817,5.228710562602023,5.27635828806318,5.40945843547819,5.636591168004281,5.970199785166949,6.192535155748249,6.448033427816963,6.57611352792972,6.671145523377375,6.773358416459313,6.806206271955794
1997-03-01,5.29853420321142,5.364997081373688,5.428855745783799,5.605826381107276,5.902257541174087,6.320572746880469,6.582372616899212,6.853173910627166,6.96657142637042,7.03284325734837,7.082099246538741,7.095427127270476
1997-04-01,5.279855945705283,5.3362284249369125,5.390476469908146,5.541288661808718,5.795790240501511,6.1608331553613995,6.3953992059856715,6.649531359486032,6.765454216621729,6.842296685087544,6.913642740354178,6.935287264885097
1997-05-01,5.056229828937532,5.122233277799118,5.185671190409686,5.361592235356053,5.65672742413958,6.074658398330858,6.337713541734424,6.612630459856883,6.730079766681108,6.800947318852798,6.857105551729682,6.872874112908973
1997-06-01,5.171042103958847,5.22131424097327,5.269773468657787,5.404951441987098,5.634885582229029,5.970324861754359,6.19160820052682,6.4418788833273695,6.5643487782244145,6.652828721639076,6.745049017010696,6.77435104464337
1997-07-01,5.235656526499887,5.258607588340919,5.280936704580582,5.344378921901408,5.456845526184444,5.634933261190123,5.766452330182078,5.940283434703927,6.044307973118858,6.1349855560607836,6.249149279751718,6.287727012326108
1997-08-01,5.208205523335333,5.248641731595344,5.287686299689957,5.3969755450447385,5.584346976171182,5.862229073388218,6.050085431777143,6.27066707694074,6.38474401614849,6.472183677702671,6.56967918597535,6.601402717161535
1997-09-01,5.087568005140685,5.123823207939148,5.158862816854858,5.257122001315832,5.426290922790828,5.6793401071834335,5.852539125536735,6.0596247958502,6.169426697877385,6.255684842697093,6.354363180282466,6.386745509611193
1997-10-01,5.224717651964598,5.241059610840288,5.257065210705951,5.30313307504314,5.387092149174235,5.526810959626332,5.636243017783152,5.790855141118395,5.889829815927211,5.980424656286988,6.099016150414024,6.139529823920594
1997-11-01,5.268190124593303,5.2931920381734905,5.317266710061533,5.384279645960462,5.497699710325612,5.661416597544634,5.76766909585134,5.884715749629919,5.939630687501669,5.977370959514714,6.0142585616309425,6.0256922819791985
1997-12-01,5.38741716721434,5.3986259874886455,5.409554400661156,5.440734360901037,5.496510819368538,5.5863154455604604,5.6540062891226945,5.745660372429497,5.8019221520706425,5.851911821875503,5.91584240438413,5.937541933626349
1998-01-01,5.238950779706494,5.235845546245491,5.23329726726693,5.228686508963955,5.230692382093908,5.263936087927909,5.316231079125508,5.429634016672973,5.52614033452008,5.629441537241039,5.7796203059182725,5.832320480269441
1998-02-01,5.336635464420955,5.341354690962275,5.346176318256875,5.361156410824986,5.3926703031552705,5.457216387694267,5.5183973126823895,5.620830142623582,5.696079409780323,5.771014243769183,5.875158304244205,5.911301166968949
1998-03-01,5.197508760823375,5.214682186481423,5.2313501664850905,5.278484947308551,5.36118005145062,5.489577447144167,5.582048719206599,5.700516930707102,5.768983720038209,5.827040692029775,5.898429656523007,5.9223876691069055
1998-04-01,5.090244578028039,5.114183981028067,5.137305393226224,5.202057361471108,5.31320158540953,5.478431365976208,5.590522430311016,5.7228218444062415,5.791738671941647,5.844947722693684,5.904734786278037,5.9242388382863265
1998-05-01,5.169718237302722,5.186174358854411,5.202096359264937,5.24684405670843,5.3242715932222024,5.4412682289988465,5.522496655917209,5.621598616082962,5.675561397191195,5.71902380623017,5.769990483302966,5.786848803081101
1998-06-01,5.165681146046956,5.180580956224696,5.194923181820189,5.2348173303663135,5.3022276020514605,5.3991880492414515,5.461767995741451,5.530074219784021,5.5616316918186515,5.582901239156281,5.6031335247425185,5.609335165277667
1998-07-01,5.154209763138705,5.168959878154141,5.1832295311073056,5.223323837514843,5.292662051909509,5.397321869834368,5.469875366491329,5.558207270185924,5.606175025682701,5.644712904436181,5.6897957023188,5.704696440519077
1998-08-01,5.069543271981149,5.050402830558962,5.032535414584989,4.985965176679591,4.91964926868047,4.8626112555287015,4.864753108312319,4.9382368487139825,5.0279105404047675,5.136675010076057,5.305713773256837,5.365949603762303
1998-09-01,4.573262536133507,4.543277389113284,4.515056477492761,4.440231209560546,4.3288193169704225,4.218195977668961,4.201398055602379,4.293582215573584,4.431809891082914,4.616936740772603,4.933284405668652,5.050685709607178
1998-10-01,4.4651761581922145,4.429080228703841,4.395540256634881,4.309020275167944,4.18961295269339,4.100872883086774,4.127923104604481,4.311455004606998,4.516870543620751,4.759926316222948,5.133083767264957,5.2656948960969
1998-11-01,4.665700588517782,4.6449235633515045,4.625650663740871,4.576125726657545,4.5085926569822865,4.461503449858841,4.481951095194572,4.59712125946357,4.723054729563404,4.87100131517567,5.0973184253572335,5.177680678006038
1998-12-01,4.599262096188225,4.583174055356515,4.568369405568305,4.531018870921548,4.483051165759976,4.46098643333286,4.494418349331932,4.617976906530777,4.743255576004245,4.886832134144507,5.103660968310851,5.180430190095026
1999-01-01,4.556386467734765,4.54382346206019,4.532357573404839,4.503988534209424,4.469988841186818,4.4642709548461434,4.504449931226488,4.6284264367116235,4.748457439186888,4.883778786490447,5.086352094106342,5.1579294086309995
1999-02-01,4.6547773746903935,4.674282462248232,4.693321268967936,4.7477613360578514,4.845610420498785,5.0045125254625065,5.125517639899175,5.291285783809029,5.394258472004987,5.486545388903349,5.6053859350929764,5.645801229303406
1999-03-01,4.482003999999738,4.502411454593592,4.52245374264181,4.580443271811344,4.68728810470056,4.868420004393293,5.013210270643542,5.222176486194218,5.358606969581596,5.485151909606534,5.6524674776212525,5.709781762805869
1999-04-01,4.554827111016479,4.577619184261154,4.599890784568355,4.6637099611814,4.778936769225503,4.967574234823989,5.112585953220267,5.3133510744539905,5.439379918927713,5.553179546405643,5.700589230669833,5.75080252652331
1999-05-01,4.61169547111536,4.655221893936795,4.697133618971721,4.813794320586586,5.011233937699278,5.296199083941587,5.481111228904804,5.684752867585648,5.780252489723317,5.8458476785489255,5.909911768626785,5.929763005411378
1999-06-01,4.78240711231647,4.820358784496488,4.8570016782477134,4.959553598672929,5.13531594424645,5.3958032317550035,5.571724925065998,5.777987232924691,5.884436217242421,5.965856694220313,6.0564351000856345,6.085885377538873
1999-07-01,4.655277396235704,4.707839154986897,4.758417076064117,4.899009205111066,5.1361969949688095,5.476198003314299,5.694460993659342,5.930541550047728,6.037923472600921,6.108835007123918,6.174302705335711,6.194114991774131
1999-08-01,4.951101613402029,4.994324537808974,5.035923222096382,5.151595692860165,5.346900913271684,5.627356449230259,5.8078956610319095,6.004093455572381,6.094062170101114,6.154115472253543,6.210446164881865,6.227610798700713
1999-09-01,4.820308180912528,4.862943382780126,4.904057142992717,5.018834966426579,5.214424566509115,5.500854906252729,5.690904195519594,5.9078081731896885,6.015430786526065,6.094396446483157,6.1782350490710725,6.205053767029312
1999-10-01,5.083230266948044,5.122494373102942,5.160306964433743,5.265586240215706,5.4438760805886295,5.7015501939476225,5.869105542696589,6.054272113850775,6.141604326484918,6.202013927110628,6.2615784772230425,6.28010613344838
1999-11-01,5.3458841838929185,5.3810342142848215,5.414867363985748,5.508968854944373,5.66794175265756,5.896500072728784,6.043911507861445,6.204621556988914,6.278720750565967,6.32853408639999,6.375742990543658,6.390191063323582
1999-12-01,5.430088094709119,5.477096238331708,5.522187039096966,5.646721811679576,5.853635517383799,6.1403564101122345,6.314342456046887,6.484033701305762,6.546597792389456,6.575034758942462,6.583451722958868,6.583638790084024
2000-01-01,5.716740855181053,5.77428734374076,5.829113665597958,5.9784326665875245,6.218146010755453,6.523910582299044,6.6816084384839005,6.781325157715412,6.770679174743023,6.714319587819261,6.593963930097948,6.548500785900519
2000-02-01,5.7150734755758625,5.7722010839743705,5.826438585253804,5.9730763637019875,6.2041333770868246,6.484661908797945,6.613084583058826,6.657127751279626,6.602182494464535,6.499854235229159,6.31390823919428,6.24553246193305
2000-03-01,5.9302163453109635,5.96692652406838,6.001546536212308,6.093818213894306,6.233808683835145,6.385821445420237,6.433807909602951,6.394638986124745,6.304840350995051,6.18213495327995,5.981031125173245,5.90855179546211
2000-04-01,5.79787613647916,5.8548619123693495,5.908771130429133,6.053417865756641,6.276848230079316,6.533198683843891,6.632599213639775,6.620460074845023,6.520365698046043,6.370962809961417,6.117650931657901,6.025725361740876
2000-05-01,5.466132680718616,5.6235624433903135,5.763972460473641,6.098886018687078,6.4898346837681835,6.712686180970037,6.681284494397861,6.529345356939727,6.425763070622752,6.340865497436594,6.240427746721453,6.2069344899827055
2000-06-01,5.966901988708638,5.9900152794280075,6.0118427494915885,6.07019200626338,6.159431491644946,6.258801101887763,6.293488062768541,6.2775667305227465,6.228086734042768,6.158206598844007,6.042160741888473,6.000223782645823
2000-07-01,6.264575445155588,6.267389843558233,6.269839804916896,6.275198067107389,6.2784925525660675,6.265383493886229,6.238792531251083,6.176656348377756,6.122014797873213,6.06269578102967,5.975748690866956,5.945177932124782
2000-08-01,6.371025099394731,6.359531795906237,6.34829808223196,6.316092043500928,6.257882438009088,6.162410892911045,6.088861058442631,5.986791216596269,5.922568229176864,5.864481778114742,5.789143255057299,5.763471005959196
2000-09-01,6.322269761800273,6.297155536628758,6.273244697192107,6.208216085853594,6.104193585834176,5.972724924075619,5.906313506660481,5.867504498647536,5.875953646702832,5.904524539361817,5.9627458484817115,5.984578667190174
2000-10-01,6.453457195126626,6.420096328468708,6.388270688772144,6.3013569684316835,6.16087099977947,5.978554921213758,5.88095131729138,5.811064877319074,5.807481645756233,5.829959404586867,5.885121340610406,5.906367836239021
2000-11-01,6.354509804509238,6.3032540537396,6.254475713041834,6.121938422137441,5.910418391170722,5.644700260098171,5.512335283555908,5.439331136709575,5.461583373572218,5.525128142825246,5.651453657694884,5.698635619194048
2000-12-01,5.960929172146235,5.898154994564727,5.838668824585818,5.67848027745009,5.428673661636141,5.134028798375415,5.0095509829393805,4.993658112179755,5.080284711997883,5.22016205685652,5.463804514107217,5.552688059871804
2001-01-01,4.965006582019287,4.933244060439578,4.903725149176454,4.827545913547861,4.722273476216519,4.643520126980654,4.6665078825771795,4.826414144429844,5.005883163287439,5.218415595873756,5.544848614069005,5.660865933841295
2001-02-01,4.840348164143098,4.8054155545734405,4.772867852756141,4.688391178298701,4.56960212491791,4.472968163300533,4.486001356806862,4.637938582578773,4.815994480860736,5.029541822595393,5.359610003008101,5.477084434876847
2001-03-01,4.219313092580913,4.205985231296669,4.194277827162569,4.16801785236894,4.148578282925241,4.197878943457773,4.3081828624308836,4.571920237547443,4.806036509373345,5.061191512601037,5.4360265999148965,5.567889372217889
2001-04-01,3.839500827934872,3.860270295428695,3.881190575948189,3.9445988457551504,4.07236998504791,4.320074962184675,4.544883253368968,4.908856916937161,5.16990062511037,5.426396413522164,5.7796977170394515,5.902030705085968
2001-05-01,3.413212103735893,3.4540041521922715,3.4941067361098184,3.610360802474153,3.8254045508067427,4.192372084160412,4.487788171815912,4.9172033430517015,5.199374199490628,5.462211972866731,5.810828705606109,5.93034943361783
2001-06-01,3.449782160528194,3.4919873870069464,3.5333737254303466,3.6527684315240587,3.8714177257342732,4.238299375623438,4.528304640663418,4.942033043523025,5.209295885747863,5.455442238932362,5.7791661006438035,5.889898832177414
2001-07-01,3.510417229633815,3.5195623789073176,3.5295762382487488,3.5642374969439894,3.6497219337475864,3.856088463252611,4.074009727687519,4.466616138258432,4.769202213949938,5.078251704912852,5.514864887049045,5.667013966315451
2001-08-01,3.3082342559872275,3.321473722166921,3.3353788438940732,3.3805838543914937,3.4827766344629607,3.7097431639832044,3.9374730407395537,4.334417121875296,4.634019175790583,4.936731757297882,5.361446958614299,5.50919519296341
2001-09-01,2.2696215164673603,2.292867680559051,2.3168969423145387,2.393028238946219,2.5584121330143055,2.9101532226627755,3.2528337142465413,3.8381079582184423,4.27395383027732,4.711191575641808,5.321813538043963,5.533987330166726
2001-10-01,2.1330685763214365,2.0872659187383444,2.0513599326659615,1.993884205668425,2.03980582359192,2.4281107082773667,2.89033999894224,3.6117909338011693,4.049973557162639,4.414322389624044,4.850807890160995,4.996535983783769
2001-11-01,1.6298040478571962,1.6945471757798851,1.758133263369248,1.942118663861447,2.28113954858889,2.8559616930795793,3.3155285025642898,3.978901262041242,4.412071421648423,4.81389485964361,5.345218541647885,5.527228195698185
2001-12-01,1.5113330405159413,1.6010289643576214,1.688354165522527,1.9367986711906975,2.3785165985391172,3.0817755892271586,3.604653896149215,4.301364324269927,4.721922358489685,5.090950993681343,5.5581110553321,5.716219307082291
2002-01-01,1.5417835687069907,1.6368499127153995,1.729175694654418,1.990580536079549,2.450444422453889,3.168172507859531,3.688573978572393,4.3610017656095215,4.75343958769786,5.088857997252726,5.504156405381111,5.643813535732011
2002-02-01,1.594861807437362,1.6795613389386126,1.7620173235670116,1.9965815346673736,2.4135163146772065,3.0770091238305306,3.5700374538296575,4.226524709566588,4.622514271720545,4.969793294952861,5.409220598615712,5.557923567135136
2002-03-01,1.626928562151496,1.7497559846521502,1.8684680954459945,2.201380860100259,2.774608186832593,3.632259750949354,4.2194698593621,4.92189948727099,5.294581551724155,5.587531831411145,5.922871814751895,6.0329393717524376
2002-04-01,1.5992857569398735,1.6920650566162112,1.782332524521369,2.038816613888559,2.4935475108031473,3.2137521492252867,3.745767706197165,4.44916446989536,4.870237082890435,5.237379885998914,5.699716299639872,5.85595690569157
2002-05-01,1.6013361975791063,1.6870821546471442,1.7707178930637244,2.0095332647881157,2.4374853399768024,3.1287058635047535,3.65169898670388,4.362934894280944,4.801482456459636,5.192417047347157,5.693688056295856,5.8639566489795065
2002-06-01,1.5582728966159245,1.622443865320895,1.6857156709817558,1.8701560688235006,2.215201840208869,2.814977561300381,3.3071951791387493,4.0364240397303845,4.523687327673886,4.982494149027039,5.595875266499497,5.806614271835986
2002-07-01,1.6520387692020653,1.66681273745404,1.6833676000878897,1.742534763423341,1.8943852686556313,2.273549886269434,2.6815614364939044,3.425136585274195,4.002252818164866,4.593794024781626,5.431378847647026,5.723419205670818
2002-08-01,1.6501865344610425,1.6576346179909223,1.6670151669212843,1.7055373160748182,1.8197786953552553,2.1364044974089365,2.4954755728261655,3.169967681608438,3.7028986352548117,4.254019422758864,5.038716477330367,5.312691340400952
2002-09-01,1.6038410559257188,1.5826566608908723,1.5648332015866944,1.529691647999638,1.5273961504167677,1.7009880263143102,1.9927200440522812,2.6393290931740863,3.195107652245652,3.7926128592917956,4.663480268993044,4.969268137009177
2002-10-01,1.4708288337242872,1.4561723175548273,1.4448186152140277,1.4287197133500833,1.4627391465749375,1.7013880709712603,2.0481349358592746,2.778582780332945,3.39172802605425,4.0440570222319225,4.989002855686991,5.320313464711502
2002-11-01,1.1781146954300887,1.2122001896970005,1.2470672157934268,1.355615998106832,1.584758057395269,2.056038356000147,2.5041437481663915,3.2561247088954177,3.8094316572137688,4.360909929037863,5.12779563396076,5.3939798834242625
2002-12-01,1.2027752773224216,1.203568528497385,1.2068248663113081,1.2298947943253282,1.3242850156411614,1.6317528449140564,2.004615319206624,2.7301438027459755,3.314836841820037,3.9252859660274932,4.799585271685569,5.105284601880577
2003-01-01,1.1224851357951033,1.1382121640451504,1.1556829386368606,1.2173894581642468,1.3734978356665706,1.7586847142817448,2.1704794146470667,2.9179944533328706,3.4967825452633647,4.08932190608532,4.927681598126835,5.2199370471017765
2003-02-01,1.1899554768871157,1.1866897090633912,1.1860448005084983,1.198296096063575,1.274536354231223,1.5563026096655632,1.9129879113272241,2.621609709228865,3.1990798791985964,3.8051707723031805,4.676016390586138,4.9807459583139755
2003-03-01,1.1209691947821714,1.1210250195640015,1.1236661720534058,1.1455569178293799,1.2400583696961331,1.554205265087293,1.9380007589176267,2.687557210293438,3.2928240783565115,3.9253549008629642,4.831807132121057,5.148793704423482
2003-04-01,1.0984071360593184,1.1034509541649087,1.1107998723660024,1.1452597356149843,1.2589198426085504,1.594179104452198,1.9850541655908347,2.730381368593026,3.32432943912645,3.9411100793953624,4.821559256193261,5.129159983091733
2003-05-01,1.156125324651031,1.13832250756763,1.123760105706429,1.0977233387547556,1.1109463954328884,1.3072746389435683,1.6141027205237939,2.2779592010086915,2.8423091868277677,3.44611451476761,4.323684573383456,4.631618100814608
2003-06-01,0.8875804628118912,0.8901233731050914,0.8950222252952901,0.9224267265853008,1.0232150077577207,1.3370154696210117,1.711049616839536,2.43253222074111,3.011185503074686,3.6139470895026045,4.476025677770838,4.777348782586019
2003-07-01,0.8578820257080603,0.8958553350559723,0.9348384009454153,1.0569370016906543,1.3172813683816207,1.8591831847198648,2.37901752723137,3.2570474662048703,3.905993831557379,4.554370544623715,5.457448648937029,5.771031939789969
2003-08-01,0.8796717338977691,0.9281375077030588,0.9769084291403989,1.1244792567668418,1.4209307100288373,1.9932802314687588,2.5109386331875285,3.346728955991972,3.944937155991339,4.532039153179341,5.340085740347188,5.619820904704917
2003-09-01,0.8928061280705182,0.9082185254307913,0.9255369217065998,0.9876654429444042,1.1478316602684717,1.549220033177427,1.9820003196678995,2.7716506174952493,3.3849664192452957,4.013838586533393,4.904483870890726,5.215042242157757
2003-10-01,0.8864547274254144,0.9259037237597585,0.9660802371692552,1.0902224349320246,1.3489739085072439,1.8729478650877946,2.3653271190139544,3.1843796888757088,3.783356727739604,4.378349712639384,5.203907578609588,5.490295214120381
2003-11-01,0.852797601267494,0.9075053286937035,0.9620516620055135,1.1243778421640367,1.4405838321685027,2.0253018571090107,2.534643502087599,3.3315872259128194,3.888532205337894,4.427602943353129,5.162521328593988,5.416317274064419
2003-12-01,0.8400765387077985,0.8834397343081619,0.9272703216910692,1.0609378214790803,1.3332583661472455,1.8689216390815298,2.3608935744860284,3.1649787502534816,3.7456660344195045,4.318467405898218,5.109529547836023,5.383624381773256
2004-01-01,0.8159215433071851,0.8608100196104405,0.9060038923899514,1.0428737457523822,1.318273371302114,1.8511389484830258,2.3339643170408055,3.114658934066178,3.674038863807823,4.223372639641881,4.979753744208645,5.241631048827012
2004-02-01,0.8951955645607015,0.9230875665142712,0.9521236318302949,1.0451880888692044,1.2510722596190584,1.6979057254317045,2.1393816848840395,2.900835857294579,3.4716067643618302,4.046205189817836,4.850485233330743,5.130109590095976
2004-03-01,0.9297103030179104,0.9474479615372341,0.9668200395906302,1.0336236076053753,1.1975869963873649,1.591724517939759,2.0069112517852834,2.753773098935439,3.3288479369291997,3.9159260963812392,4.7450761514277735,5.033993059114797
2004-04-01,0.8187331077419195,0.8954585224319893,0.9708328332621552,1.189037879338186,1.5915340490301706,2.2751755163177285,2.822772230793401,3.614731776380256,4.132765721142257,4.61386330339931,5.250553582594599,5.46870774711614
2004-05-01,0.9547072864810956,1.0404912673690625,1.124343685473279,1.364774013087867,1.7994576427576046,2.5127642904193763,3.0626121619328748,3.8261721366232355,4.30691731332495,4.741923461268501,5.306328008631204,5.49867241392527
2004-06-01,1.2387597275417601,1.3161968049021808,1.3919307753232237,1.6093072998867988,2.003171279016354,2.6519851869493154,3.154337618311324,3.8553341642845145,4.298777161355409,4.701359086521018,5.225037700810282,5.4036295205287
2004-07-01,1.3656864967972506,1.4326529353720137,1.4983620929110584,1.6881572169507857,2.0366162113527353,2.6238401229210435,3.090219013204239,3.7588497420530067,4.192743628485748,4.59357585595659,5.121949619367534,5.302797309063731
2004-08-01,1.5367177563778158,1.5728658845758945,1.6092148397466892,1.7190554162916625,1.9391883001261232,2.362828266734809,2.744955089060343,3.3605765575296647,3.8004889973137375,4.231835445893093,4.8251393309260555,5.030500402702954
2004-09-01,1.6496419651458756,1.6925576355593084,1.7351474886793312,1.8608109249718026,2.101603396637904,2.5361286059947874,2.906152225582945,3.473627196971982,3.8639328865973646,4.238114982660351,4.744840326757639,4.91952772565133
2004-10-01,1.8803957486858198,1.9055251748528603,1.931148404083289,2.010483456455361,2.176417015480174,2.513876642604477,2.8320290487319024,3.3625682721823242,3.751225236439525,4.137664750109215,4.674191425227911,4.8603433819761
2004-11-01,2.176093106448361,2.213355119827543,2.2503669522429868,2.3597505258811258,2.5700129166664514,2.951261585325614,3.2773882422576848,3.7795784208068492,4.1261168183477945,4.459000919005474,4.910430513017647,5.066112283393131
2004-12-01,2.1596265503410796,2.2026805632333115,2.2450053051458108,2.3676925556137833,2.594603353015664,2.9817286554731384,3.2932924340722063,3.7460630821783885,4.043512294514002,4.320539764807461,4.687936004838463,4.813891366129054
2005-01-01,2.370020546940322,2.4168389715666514,2.462410493737316,2.5920111446546925,2.8222292730590026,3.188160839028573,3.459684284566949,3.8206053096320343,4.037910620978491,4.228219394660609,4.468748092741995,4.550116653995399
2005-02-01,2.671938425993766,2.719620241737265,2.7659212578169985,2.896980027081011,3.127403941579452,3.4866342487297706,3.746724606682829,4.082184696935155,4.2775593056484045,4.444269277197206,4.6503842123354096,4.719667521842483
2005-03-01,2.7460716234265057,2.8030737493875026,2.8581618555722477,3.0126259625405236,3.278499036654594,3.6760144860304282,3.947910091058241,4.272687209727912,4.444666577851766,4.579599738292079,4.733763418845692,4.784332666675233
2005-04-01,2.8631518189748273,2.901983971514283,2.93967563398079,3.0462759760218483,3.2333520881349553,3.52397380993755,3.733425257814084,4.002001318613774,4.157380945509944,4.289247585283418,4.451515565728813,4.505984336251647
2005-05-01,2.9492755565574993,2.979286726035699,3.0084580558300282,3.0911928053097397,3.2372879313882907,3.4669355684388865,3.6349726426450206,3.8545813052616564,3.9843903031485017,4.096466204233776,4.236439627186591,4.28362913355964
2005-06-01,3.1307852810574444,3.153783269508766,3.176142728989515,3.239586002987545,3.3517248183064416,3.528319781618733,3.657837936777714,3.827590281083678,3.928246386692695,4.015366677453085,4.124400105033138,4.161181001649358
2005-07-01,3.4057472736406162,3.437763184839516,3.4686297768784757,3.5547621347412677,3.701386870513901,3.915647006221121,4.057347900717248,4.218249537280397,4.297469286697557,4.355097715505516,4.4156624978038925,4.434964945508695
2005-08-01,3.5528180488891574,3.5639472020637677,3.5748653494313656,3.606390108303037,3.6642255386651628,3.761566676151535,3.838769071144647,3.9492927602551977,4.020920201931652,4.087031407339329,4.174120837888928,4.203923777095906
2005-09-01,3.489763203720912,3.5274752096924296,3.563653631297673,3.6635995086012723,3.8297620992499968,4.0603392064125075,4.200599301673287,4.338063101501825,4.389328905889912,4.413264887500571,4.421626154152031,4.422338833639548
2005-10-01,3.9777542520712617,3.999313909587527,4.020124394631024,4.078334562815006,4.177975099518304,4.325264481451239,4.424360525790353,4.539889757342022,4.599033248638829,4.643898571669864,4.693365106072094,4.7093995683418814
2005-11-01,4.081708259134822,4.096454316974219,4.11074365741081,4.151025344125885,4.221204592093627,4.328699179675168,4.404733058750365,4.499878706453945,4.553355792951231,4.597654756338765,4.650996653065382,4.668785867922272
2005-12-01,4.14979685114824,4.1618075332010065,4.173349611226245,4.205347333635737,4.258989417879514,4.33482805846759,4.382436613834468,4.431956003864925,4.452918542183015,4.465386086533182,4.474991481227095,4.477646264399873
2006-01-01,4.499249978243476,4.496944199469696,4.494868230032168,4.489900492446657,4.48469651119296,4.4870969853678035,4.4986884141159384,4.529680958095614,4.558364466008328,4.5901545003743776,4.637299464122687,4.65392144204754
2006-02-01,4.609149741318685,4.614467187584989,4.619445569223155,4.632506001136041,4.651461080267593,4.669077181589325,4.670646058274328,4.654458662062749,4.632960249813712,4.606312219000235,4.5644646451051445,4.549518592209032
2006-03-01,4.69856546526495,4.703872570630763,4.709038905752056,4.723734605603669,4.749851847839278,4.791401466500187,4.822264885003637,4.863342890447656,4.888109434722849,4.909821825437212,4.9372875039689745,4.946581169459508
2006-04-01,4.763631877700961,4.766599360283019,4.7696882800208895,4.779587214050192,4.801481350065064,4.848986616799345,4.895914286114874,4.976845192482473,5.037504652692572,5.098568355186125,5.1840384731955185,5.213753701691989
2006-05-01,4.900359242057576,4.905923021516331,4.911386238775547,4.927187748479904,4.956280740067351,5.005541677531662,5.0448675194340815,5.1015478694762475,5.1385084639517755,5.1727633103753785,5.21802723047085,5.233529959379628
2006-06-01,4.912092649697749,4.926896964794289,4.941033630522978,4.9797172224927415,5.042556074121623,5.125113822458243,5.170446820674717,5.2054062467066755,5.21018354908474,5.203539747483491,5.183834630354356,5.1760756064026765
2006-07-01,5.13833202643874,5.124854858471149,5.112115217336621,5.077989531133461,5.025509439314013,4.966085341228019,4.944047488489581,4.949790937268954,4.975783225169454,5.013541671139729,5.076924777864951,5.099880344616477
2006-08-01,5.165089368932211,5.137430000249715,5.111166526670215,5.0401405921591484,4.928146197409979,4.791910557752168,4.729227965637321,4.706918257318521,4.732725166867464,4.781437511559644,4.870274660965817,4.902963194727512
2006-09-01,4.879639048005242,4.865867207038167,4.852796268805898,4.817481197053319,4.761932190416465,4.694811680823094,4.664472295596451,4.655065284257514,4.669288679038264,4.6949788764937175,4.74126947516611,4.758265004343928
2006-10-01,5.21700918186381,5.181575703276973,5.147850828174088,5.0561928040870745,4.909819980961775,4.725636118875458,4.633531099722861,4.581890409754086,4.596326706151937,4.639266116225675,4.725177724666272,4.75729902951694
2006-11-01,5.214892887828155,5.174451617128299,5.135905055840071,5.03082780161235,4.861751296970318,4.644821962478029,4.531491701752661,4.456517849965377,4.460044413948358,4.495518153844318,4.574175404955553,4.604053470804803
2006-12-01,4.993446123025827,4.980124791757884,4.967441719432018,4.932948169680979,4.877769628456277,4.808028363818926,4.772793975921825,4.752193289728603,4.756662664703718,4.771804655779264,4.802668539172627,4.814242870279941
2007-01-01,5.140594946563716,5.124368197471109,5.108931682134573,5.067022289990606,5.000274277951452,4.916870772293403,4.875844534913771,4.854448564110208,4.862879115466195,4.884444746089618,4.926513070288321,4.942176000198129
2007-02-01,5.270883479784707,5.228145299786954,5.187480153192532,5.077029082664346,4.900925416641395,4.6802507482237905,4.570966137539979,4.512211761680518,4.532476784013896,4.587249612054657,4.695144739126124,4.735382085078058
2007-03-01,5.145989748594692,5.106931800469567,5.06991593056689,4.97021579193396,4.814651462084849,4.630873883256399,4.552873729318873,4.541910102689841,4.594940687104603,4.681064587483001,4.8313578644872015,4.886206212479686
2007-04-01,4.986989380412941,4.958868875410995,4.932233603917669,4.860578659879151,4.7491236111053405,4.618628680858877,4.564694741569072,4.561145429539682,4.602834216950509,4.668507449589762,4.781968746786944,4.823295479390024
2007-05-01,4.842146951880674,4.842739425497376,4.84340619230018,4.84580310177786,4.85199740951787,4.86755150852999,4.884339970357952,4.914991746343039,4.93880793449252,4.963232935692723,4.9978292605468235,5.009892988560356
2007-06-01,4.6542053208132,4.667081798994702,4.679526602764875,4.714425044949374,4.77450958882925,4.8643902053704755,4.92591264045577,4.999478618141391,5.038489811950693,5.069139771183475,5.104207118152948,5.115715277388568
2007-07-01,5.107002790840975,5.069745140220725,5.034524578369721,4.940168899885573,4.7950218515238365,4.630524918086188,4.569333631007284,4.584688615978226,4.656122121308355,4.760064138908744,4.9346544508555015,4.99789400323559
2007-08-01,4.11176365084183,4.105323805911263,4.099716307008496,4.087442617193687,4.079847756382235,4.109655541495567,4.170270501275654,4.3120000393496,4.436666925573305,4.572020323420715,4.7704274888349145,4.8401888486239795
2007-09-01,3.7660693953565945,3.774923869936813,3.7839763632162913,3.8121323249114587,3.8714749395012795,3.993294026359469,4.108958021298911,4.302853518285151,4.44541763041399,4.587453923612992,4.784917616765057,4.853452240278807
2007-10-01,4.048853865985773,4.034756484459841,4.021938687956233,3.990512108869041,3.9541255240445405,3.953587654167221,4.005859433144836,4.159015006676619,4.305042678893817,4.468739654132635,4.713034039786838,4.799291346342445
2007-11-01,3.47177733012577,3.433033363176347,3.397151533666134,3.305281516200817,3.181437075198648,3.100578654395449,3.147205377385623,3.378568129625714,3.626808386854969,3.91670243905481,4.358806185979584,4.515683371512458
2007-12-01,3.238261671213827,3.2190994325344704,3.201846625612012,3.160558699961541,3.117296111744336,3.1371961880563495,3.2334670226726305,3.490914099234594,3.729194438088069,3.993287376570838,4.384944992821245,4.52303277402456
2008-01-01,1.8986802941860508,1.8971775311783703,1.8973823313413918,1.9072342854123396,1.960586416471067,2.151068381529664,2.3895508314755967,2.860875919607314,3.2439076069313697,3.645401758067959,4.221823563677278,4.4234886112999545
2008-02-01,2.050766540108891,1.9911843687979904,1.937464259544564,1.8081085527961103,1.6663188207906452,1.6853623500072936,1.9057844217790598,2.486153082473404,2.9929968768662856,3.5208140855961925,4.252339874894211,4.503891135143332
2008-03-01,1.3896512592995396,1.3822174328063725,1.377139713430363,1.3746957891521785,1.416753297327338,1.6203727300196626,1.8971825291568565,2.464855405534904,2.9350967247239264,3.432397142160274,4.150200462515617,4.401654946679333
2008-04-01,1.3432168446765218,1.382527112772458,1.4216488463922798,1.537678675192211,1.7622454361569722,2.173594772422334,2.5288254466853983,3.0804555144924946,3.463677120582118,3.8332894762035314,4.335945975944137,4.50942189125199
2008-05-01,1.903261224768607,1.9330285940353804,1.9629575571852975,2.0533776119167886,2.2345154756799195,2.582916926481344,2.897030969255852,3.4028890449411384,3.764264522439245,4.118546125866054,4.605796350490915,4.774444190974831
2008-06-01,1.8153480650278515,1.8551842802439822,1.8945392779993422,2.009683383894871,2.226685362790776,2.6083496840814133,2.9253194667460316,3.4003012448420002,3.720786976626469,4.0244195921339525,4.432157614140078,4.572409331717227
2008-07-01,1.6565704734049964,1.6966091830755303,1.7362942166031605,1.8531158649289354,2.075955807075117,2.4753241514541053,2.813174602302335,3.328214383382179,3.6807308409183004,4.017680146119017,4.473025585941154,4.6299139278707075
2008-08-01,1.731841117187754,1.7577991178827195,1.784067446262537,1.864339857513704,2.0284682967164933,2.3528295978587184,2.6518600263837815,3.142043842791963,3.4967962246331656,3.847150197569231,4.33139210327197,4.499211289810674
2008-09-01,1.0833306019637616,1.1313116389938729,1.1787426408052586,1.317677323283244,1.5801241767941534,2.043408861545422,2.4295691763292333,3.010228194354068,3.403155784394479,3.7760965410843235,4.2775584746327775,4.450108224813272
2008-10-01,0.3894909262311388,0.4504143390620418,0.5106402692246538,0.6870588283058732,1.0203314017977372,1.6086936316015752,2.099152786631149,2.8367044704967803,3.335834980814219,3.809597115809852,4.446644914791542,4.665850674295478
2008-11-01,0.11651308590513038,0.15751047033471174,0.19845337909447247,0.3206574167614687,0.5600400719285309,1.006282666527809,1.397831608257192,2.0143023988906488,2.4472174070877304,2.8674390580756888,3.4414640418692812,3.639798865602039
2008-12-01,0.09372161671960447,0.12032244916110793,0.14724217115839788,0.22950984025007054,0.3977347445714254,0.7302349615142442,1.0368006506209921,1.5393774493202412,1.9031200984882806,2.2623646674879105,2.758905638028126,2.930988161840712
2009-01-01,0.19535655047043676,0.22015824497967568,0.24586519291650172,0.3276769833976481,0.5066684974437964,0.8904058565226641,1.2663574560779405,1.9109961027753568,2.3923210920804845,2.8758671425258897,3.551784283894304,3.786700841894973
2009-02-01,0.21924563775983794,0.25311291540782616,0.2874552779604689,0.3927761887209327,0.6094709315190078,1.041177135971855,1.441727476784823,2.101597972350864,2.5808605977886043,3.055125412794092,3.711505314762097,3.9390580535874165
2009-03-01,0.24160725774804284,0.257404307608094,0.27451252077703125,0.3327936774041047,0.47355708850791617,0.8070568001975407,1.1554075369075625,1.7787289472924503,2.257105078298001,2.7446471511253887,3.432485284453489,3.672098657288471
2009-04-01,0.07499059985511954,0.10809251039723755,0.14196763531361886,0.2475037035166878,0.47055206604188154,0.9299592107385563,1.3672440743725418,2.1016478821517905,2.6423176346907025,3.1813616848837505,3.93110429578285,4.191351212652495
2009-05-01,0.15316279136739175,0.16405138155203303,0.17873044756187748,0.24241220526568102,0.4349407428924602,0.9449596376214932,1.4764251134421165,2.3581956428894615,2.962190155644287,3.5150085827206774,4.218400514226086,4.455574166368473
2009-06-01,0.16167174701445106,0.186926486868366,0.21520793761207677,0.3153649925687961,0.5635491103813092,1.1324018477885986,1.6782257189000103,2.5316501216541347,3.0899929662583236,3.5869393593908208,4.208123396125241,4.416872802306213
2009-07-01,0.12188191048922957,0.1457412240439516,0.17291303816782877,0.2711789945928542,0.5200734057986897,1.0978594817880116,1.6532677124949702,2.517568534780177,3.078687356178824,3.574867404210998,4.192214062697865,4.39948809880053
2009-08-01,0.1113216982358712,0.12695131650367134,0.14639350472799328,0.22418584252700754,0.4421651339569536,0.9848072068380198,1.5246688122083767,2.3805925538958714,2.9420778720605343,3.440694941426824,4.062189507094352,4.270902927028203
2009-09-01,0.06681574623129516,0.08566097840162715,0.10792958073513322,0.19214947847120306,0.41586728564250336,0.9538186748810601,1.480674580512743,2.3098593748553253,2.852087590957982,3.3332683984500155,3.933048437888848,4.134480851373875
2009-10-01,0.013371762331893508,0.03294339443090169,0.0558227209814654,0.14140461684652128,0.3672002356406148,0.9129322496380022,1.4548806573938944,2.325910826468711,2.909002737141206,3.4356104227521422,4.100085286685149,4.323778484120387
2009-11-01,0.07483413752704837,0.07750619290532411,0.08374663236903465,0.12131641920142189,0.2616946284188536,0.6845969571915905,1.1611946412196221,2.0090704496509346,2.6286243483260687,3.2231021397087307,4.007506270560024,4.274313375826657
2009-12-01,0.016550894349994547,0.046057161807156737,0.0790396627265729,0.19546499930689232,0.482148542736867,1.1321851274408157,1.7480946236643382,2.696514445870753,3.3073072517303252,3.844899773638165,4.51196432011221,4.735830358423051
2010-01-01,0.05791224989494528,0.05885928969904418,0.06506283342561353,0.11089602627575162,0.2929158635160982,0.8330077724641554,1.413246731085777,2.3738526890367164,3.0213383489428742,3.6041483941224777,4.335813557946777,4.5818055332887955
2010-02-01,0.10872558079898942,0.11070536592605348,0.11727225338857673,0.16093393668395747,0.3292537282772817,0.8316917882447747,1.3827763105979667,2.323844555389055,2.980324509035583,3.5869420910778897,4.36312203373385,4.625113212772054
2010-03-01,0.14610332872105491,0.1525058836069682,0.16402565278178213,0.22493353802743898,0.4330313890175724,1.0099408666984773,1.610892214481507,2.5856782938899388,3.2327212618426584,3.8098498591517074,4.530400862558504,4.772422732829364
2010-04-01,0.16596302980162483,0.16473886652414205,0.16931116941459298,0.21284714130671334,0.3975115488202202,0.9500763456624463,1.5361335656932702,2.4836586778934753,3.105361051022601,3.6539426562950243,4.333612981943982,4.561581832146042
2010-05-01,0.1425444601464079,0.14874367005115863,0.15829481588018135,0.20458463115171624,0.35766384115146993,0.792026346951895,1.2686085665946967,2.1022628849410445,2.704021502542547,3.2770072516319555,4.0288107565391105,4.284174942468963
2010-06-01,0.1787413422235136,0.17741493760166133,0.17916301229277515,0.20082383227201492,0.30232015849516425,0.64047680567941,1.0428382493703143,1.7934820705124102,2.3669957883690174,2.9366774937129345,3.7113388383842763,3.9771424086881355
2010-07-01,0.15713739902141333,0.1553163631283908,0.1560978765210624,0.1725178724347208,0.25659685241205665,0.5521008263727029,0.9201544506108331,1.6457539119638023,2.234646457134352,2.8515394657077975,3.7368719587926496,4.046582929028611
2010-08-01,0.17857324974201919,0.17103119890244556,0.16606108109599388,0.16510687532891424,0.21438887122917707,0.4429867203250462,0.750735826870249,1.3792416099087468,1.8987841575818467,2.4476951953970953,3.2395370164467376,3.5168893960741623
2010-09-01,0.20866317755074423,0.19230263073290516,0.17909833545709541,0.15666955514716635,0.1753180632051564,0.37737056339013675,0.6857807601798105,1.3475061018613843,1.9078497496419857,2.506334317267009,3.3752869777427827,3.680122398556726
2010-10-01,0.19542698876003445,0.17584197344693675,0.15930464937419977,0.12645823720660856,0.12406387189628343,0.2919457469434538,0.5834768876914521,1.2595658019828586,1.8715795902353034,2.562868996364301,3.630340348258603,4.014968881286906
2010-11-01,0.2281069451706853,0.2103389473232196,0.1960792456552193,0.17239757791698,0.19558342329221104,0.4247829817660608,0.7716613834776009,1.5136315669166729,2.141012420123291,2.810665011067913,3.7825779454398947,4.123501499173461
2010-12-01,0.1230468121754111,0.11696019197192996,0.11505304053998155,0.13152839869713107,0.24228740440959423,0.6401985507656163,1.117219866122356,1.992732390765619,2.644157278623352,3.2749368726722246,4.111904210487904,4.396935174740802
2011-01-01,0.20035153855229398,0.17683455536724604,0.1589339745169736,0.1351754364555851,0.19361451292889303,0.5583377192389285,1.0490929732594172,1.9884335704781713,2.698237545814371,3.3872839931979835,4.300009994695781,4.610528740861579
2011-02-01,0.16036258804690107,0.14748113695137438,0.1399569604571287,0.14562479453512478,0.2544708863346654,0.6856903985621623,1.2046926468259018,2.13379580759056,2.800631159128862,3.4259243943348823,4.2329890462390445,4.5058613179447775
2011-03-01,0.05321357936678783,0.06580299365641462,0.0815241170634278,0.14512641237432966,0.32836925596206534,0.8106565884467983,1.3246855122901233,2.214606329355784,2.856209652338617,3.468905626303266,4.276082838111806,4.5506200883869985
2011-04-01,0.044231842020379206,0.04311939163878986,0.04573164759389958,0.07338285485990523,0.19834583958993432,0.6068386355337244,1.0860508624100773,1.9660513410611642,2.6273137008251437,3.275116177251225,4.144841116033974,4.4420959828205415
2011-05-01,0.05879814256638581,0.05659683650905702,0.0572259722529056,0.07442313343743205,0.16456450166735578,0.48350527948559635,0.8816351919211467,1.6673665846642074,2.305425278535834,2.9740015695895337,3.933663834846677,4.269390511032931
2011-06-01,0.03973795060244021,0.03585440419489701,0.03519501536420728,0.05060860220590831,0.1444120587899932,0.48665690114540106,0.9147430203186049,1.752390641122252,2.423502681522368,3.1171027588210496,4.097402714954647,4.438247655153077
2011-07-01,0.19845268302685898,0.173684537059202,0.15284726395039983,0.11177234494617744,0.10913841272939626,0.3122628283769885,0.6535500187944691,1.4099421816435567,2.0600618061227474,2.7589814029994644,3.77765272630017,4.13533833110976
2011-08-01,0.08101633334203909,0.06209728833209834,0.045928229206518026,0.012582162272551083,0.003391963240975855,0.14355521587290954,0.3997174627050282,1.0074897896677233,1.566831478921437,2.2068384216251244,3.209462172153411,3.5731867709922738
2011-09-01,0.07278132160090084,0.05955108362258098,0.04887633954453628,0.030765276999658153,0.045959972247103506,0.20973360681244194,0.45959981585568,0.9956237886196206,1.4494889529468953,1.934230527889015,2.638022864520404,2.884917532963743
2011-10-01,0.07335267223942252,0.05722243522984964,0.04399290257651521,0.020105910595996385,0.03080181233631723,0.20440731326778727,0.4771799207308395,1.0684520692347192,1.5715315343114429,2.1099872997286107,2.892753238947577,3.1674353260307715
2011-11-01,0.07109856783463521,0.056159111152447795,0.04397822429090515,0.02245966430174844,0.03498876345065325,0.2045103173377777,0.4678199742427067,1.0362945831202692,1.5190756227617495,2.035381168849198,2.7855841251935995,3.0488089886167504
2011-12-01,0.07931582115503524,0.06403509781537618,0.051273785395948394,0.026762188888483467,0.029069731333208025,0.16962816401849268,0.4020539569507551,0.9201798012367248,1.3710892883130419,1.862486424073896,2.590386913783939,2.8477539248504695
2012-01-01,0.10790909860842815,0.09346400706983492,0.08103939715116576,0.054949747186783165,0.04553892504273495,0.14685168505809976,0.33916747098799194,0.8081132605231964,1.2513788595002022,1.7713699965920742,2.611875557226768,2.921806002122556
2012-02-01,0.13177341196099085,0.12132766430774693,0.11281586597244095,0.09795133596027551,0.10874975829667467,0.24227483522814755,0.45754245948207184,0.9525161857236385,1.405720404318912,1.9272948430526862,2.755258716909407,3.058102183094748
2012-03-01,0.1335967105876207,0.11897278081378117,0.10705468782155132,0.08608605884938542,0.09920278182266387,0.27078641433675826,0.5396690820951218,1.1293660800470602,1.639647560927913,2.1952000093736483,3.018944313214885,3.310446300923394
2012-04-01,0.15161543258582225,0.13858293395387108,0.12752443169697855,0.10527923552940704,0.10260944215388906,0.21483101589468892,0.4160910418671882,0.9002361564171877,1.3566940822090796,1.8931889726527893,2.7647325901256457,3.087197598867326
2012-05-01,0.12758323913857725,0.11727927008565006,0.10853525842274493,0.0909584800636232,0.08905768378660575,0.1795985020313291,0.34279822816141636,0.7393706381997834,1.1179340581805686,1.5686043986232503,2.313580052162763,2.591979461229326
2012-06-01,0.14106724666353765,0.13282784443958115,0.12607326211036723,0.11404410407613581,0.12158789253852773,0.2260439785019044,0.3987409773927581,0.8072111388319014,1.1931148274547907,1.6511851107551274,2.408720396615381,2.6922110650595537
2012-07-01,0.1600021271421199,0.14530636425417215,0.1323545622215402,0.10318355820152074,0.08212269767540582,0.14639286594169773,0.2938394484534817,0.6749543799566305,1.0471300426383565,1.4932298076358632,2.2308574471010214,2.505933063032357
2012-08-01,0.16193811765014857,0.14670031803646447,0.13322120481446983,0.10256864896563989,0.07907752974892221,0.1409528526423065,0.28928233039181916,0.6796973501861308,1.0665987386291478,1.536421446439176,2.3264086930425303,2.6238330874897042
2012-09-01,0.15679448600927362,0.14192991081973136,0.12882670997422732,0.0993261830109937,0.07830476769064816,0.14603508742169427,0.301509413182573,0.7089510858746422,1.1140588688855444,1.6089675571164248,2.4493997513448176,2.767826089489152
2012-10-01,0.16455512756726132,0.15283974462554917,0.1428053051362093,0.12203639721613296,0.11642405919172803,0.20755584587248582,0.3781910161130076,0.7986580113081729,1.2033329361026963,1.6877615115937585,2.49334793501971,2.795331854878819
2012-11-01,0.16591926045094726,0.15178198498880302,0.13933443051476047,0.11140676494986318,0.09204371996101761,0.1590320942906509,0.31084101229935673,0.7085803169282362,1.1050191043787925,1.5910023851036934,2.4206951297340704,2.736125781388592
2012-12-01,0.10386014376498655,0.0934736818943602,0.08476881896721865,0.06798734488368757,0.07030213426577839,0.1768203201843555,0.3618638689733838,0.8074493254079704,1.232228138410118,1.7388868805759496,2.5802163812898207,2.8956166432767256
2013-01-01,0.10890086230202706,0.09835567669892967,0.08976152804634546,0.0747551039579848,0.08575351139690768,0.22154471299251943,0.44117682844121986,0.9487400629427198,1.416269121524055,1.957583855047939,2.8236863855160377,3.141828027832247
2013-02-01,0.1524399652057846,0.1378055065526527,0.12516224357172448,0.09827939936887181,0.0869522572949864,0.18475289798666888,0.37557025646278425,0.8488201051820579,1.3032101686917201,1.844003167528361,2.73452534361945,3.0662841950875834
2013-03-01,0.11805283587797469,0.10533058446320434,0.09449017108059758,0.07241200787569514,0.06839286562407096,0.17434252349590243,0.3682734750380532,0.8418778734622101,1.2950468172657277,1.835183175478839,2.7289066201312626,3.0630216346696604
2013-04-01,0.10133668596464425,0.08885683155984482,0.0781257857980497,0.05564824922866126,0.048120487427649655,0.13993429777109725,0.3151158987901628,0.7497800235110449,1.1698827213391205,1.6742755231748112,2.5158682306787488,2.831912096316011
2013-05-01,0.06652377595439792,0.06009305290176105,0.05565583428016559,0.05328336437016162,0.08960265777264763,0.2724142989383107,0.5306615325686609,1.088321343223009,1.578421947163823,2.126665966863787,2.9717539357863467,3.276695343078675
2013-06-01,0.039693842131729086,0.03846937505383797,0.039562360740173816,0.05537167647614461,0.13257799425129602,0.400097059162703,0.7317028052368773,1.3839400734077831,1.912638759246008,2.466153220007661,3.2602464679819683,3.538015741357651
2013-07-01,0.04599908366132417,0.0392505959216962,0.035217408375584194,0.03784216764468719,0.09701843955148906,0.35176838565475227,0.6885056748096487,1.3707677745823121,1.932467540150672,2.5248140389822695,3.378358068879429,3.6772414177078256
2013-08-01,0.04913222655229786,0.03543105815833965,0.026097845540159256,0.021298709802601134,0.09311972340868782,0.4228383901512277,0.8403015992364999,1.6168551253927768,2.1933582606351787,2.7473557848684154,3.4760675333097173,3.723574801102436
2013-09-01,0.028392848910774347,0.022464972063101878,0.0192544148333384,0.024351362578838975,0.08843243785495308,0.3524915914582472,0.697527195836967,1.393029269011566,1.9641216666814385,2.5656395400374734,3.431762730255447,3.734996942540948
2013-10-01,0.05781954093541941,0.0477207538342098,0.04050967324734757,0.034559210273310284,0.08029106215243481,0.3189424822599115,0.6485801976731369,1.3291030559735886,1.8947065297883925,2.4937662976517307,3.359235871801256,3.6624860782434694
2013-11-01,0.09582916857937147,0.07894794673256994,0.06563045512849147,0.04500942017297656,0.07466438508731704,0.31455424131480936,0.6663525603010086,1.4021015171998625,2.0115789292127815,2.6510426642107885,3.5627942771736794,3.8804423816188907
2013-12-01,0.09519555572946137,0.06922564081211927,0.04916272643318503,0.02024377247709392,0.07146664776596472,0.420558202089661,0.885359452100248,1.7495345005153893,2.3799761059190083,2.9742040709110054,3.742296884342334,4.002002081716655
2014-01-01,0.049698153479102336,0.036244333620621697,0.026678083291092503,0.01877657916751251,0.07706103007875648,0.36936493522355845,0.7532532555814209,1.4928046325765367,2.0612953523423316,2.6229886030483534,3.379681917146133,3.6383974580651888
2014-02-01,0.07124841697656438,0.05650204158945482,0.045754793938840514,0.03489149973573795,0.08921632738633206,0.3777651274082276,0.7597023748296204,1.4950311089861839,2.058217036432869,2.6124021587173076,3.3559370969070965,3.6098340586812134
2014-03-01,0.07093589858987984,0.051547621448154446,0.03791465003835392,0.027064117953672605,0.1071333586016205,0.4805694363597084,0.9323561309287555,1.7148340564565612,2.251389224406479,2.735899586274549,3.3438004515452335,3.5481030888451532
2014-04-01,0.06652644763693825,0.04189866157705883,0.02375446758097425,0.0030208084453945024,0.0746747850645284,0.4504572426287479,0.9076055507917808,1.68742915717821,2.210980518916441,2.6759920627169436,3.253008089289733,3.446550869750299
2014-05-01,0.06787647297479348,0.05117415667212381,0.03920025338446285,0.02817930150160533,0.09200614418758327,0.4079592813357562,0.8036978118810862,1.5157082075498425,2.023065607713085,2.4942863364438748,3.097284054046729,3.30073652898117
2014-06-01,0.03797500163225326,0.03020213472462504,0.02661621624851151,0.03778173154685939,0.13472292022844792,0.48571565670815464,0.892577393644633,1.5988868458892795,2.091952646127514,2.5452704399955723,3.122047457779272,3.3164536901995003
2014-07-01,0.012528431936810643,0.008476863198796569,0.009004820835494627,0.034201984635906596,0.1623160524042499,0.5674615177158406,1.0054307016262338,1.7199201502309205,2.1909582209545158,2.607400398785519,3.1237802845115055,3.296997436362989
2014-08-01,0.03964804386419368,0.025035916926140947,0.016104148547875854,0.018456982679320583,0.11829810747562788,0.4983984387286552,0.921009793200185,1.6005731838828356,2.0361244505590173,2.4124872315191883,2.8724759379338205,3.0264236816092622
2014-09-01,0.029242073290122392,0.015416120803134247,0.008148173512244816,0.019564696147519357,0.14784067867667539,0.5890211638836996,1.0540625339954843,1.7659010319451336,2.2024277955121905,2.5698339457668458,3.01295080812976,3.1610070991403045
2014-10-01,-0.08375857806897848,-0.05527824458819335,-0.026368331867332492,0.06245278628170957,0.24577498530775752,0.6124594621860487,0.9537544402512329,1.5173712892487208,1.9274330266110709,2.3336091178667258,2.896115553603583,3.091156248579451
2014-11-01,-0.04537098774341136,-0.021595752880642586,0.0027222577144353716,0.07841715120440046,0.23816194980754113,0.5666025060430997,0.8788146043024525,1.4026521802282876,1.7880424089584017,2.172132237267062,2.706223076111856,2.8916026161058745
2014-12-01,-0.06250176503849907,-0.020583647497872712,0.020750880691467723,0.14126371695141987,0.36679365129696506,0.7590393157541435,1.0811268637872513,1.5585686844925948,1.877742540074383,2.178367652939942,2.58036344765858,2.7184850113917363
2015-01-01,-0.03392331498279318,-0.010127336398695704,0.013773031621893056,0.08584636259448976,0.229744688527615,0.5052499852910589,0.7526774997099575,1.1498809113221442,1.4329662360914872,1.7101191633484119,2.0909426490372964,2.2227227874384345
2015-02-01,-0.06761642270289955,-0.03062023424704604,0.005982971982480986,0.11337129745796053,0.31686701812864215,0.6778615096295192,0.9802280327020296,1.4369643596942507,1.7472145901642706,2.0423822564385383,2.4399426485503564,2.5768017379548525
2015-03-01,-0.0039054030104645077,0.02368903645556589,0.05134316667196805,0.1344056813430744,0.2990387829444364,0.611080388457799,0.8889074542291181,1.331744862024284,1.6456665893180542,1.952061459840264,2.3721791380626915,2.517477880118774
2015-04-01,-0.049410572491492596,-0.020754912329029748,0.008054406589001707,0.09508161613967854,0.26938538759154657,0.6045448028223024,0.9066460838434338,1.3930618238082073,1.7404967573366896,2.08108269820463,2.5494701728977724,2.7115868232582185
2015-05-01,-0.04268325797552134,-0.014002803824132454,0.01490986574365625,0.10267134515553872,0.2799825822101291,0.6249426633728392,0.9389309363714435,1.4484785823289628,1.814555976044661,2.174605980428514,2.670870678549815,2.842734647769957
2015-06-01,-0.04006995081392657,-0.008412998836967469,0.023463417753506462,0.12002326373079424,0.31439380084723834,0.6906853624355237,1.0317970359359374,1.583554582545706,1.979005369247638,2.3674143886788084,2.902273361910283,3.0874593677284907
2015-07-01,0.010211813735155466,0.040670409733882584,0.07124038522700211,0.1633066137612006,0.3466848861455014,0.6966318449859886,1.0100398349987496,1.5120159671285014,1.8691611090980138,2.218478191665086,2.6981381879172393,2.864091165337553
2015-08-01,0.036302176767689244,0.06890274766127764,0.10148122323676617,0.1988345673778644,0.38996151421865544,0.7473814235074132,1.061882014338326,1.5582373848265243,1.9074492657948101,2.2467915049375042,2.710682936394181,2.8709959886002565
2015-09-01,-0.016009235839848476,0.009830075636953445,0.03599222257286991,0.1160146216317868,0.2798998993521661,0.6044670372420634,0.9041946993609502,1.3961703112982164,1.7525578355910034,2.1047140170580243,2.5916203437089123,2.7603782480238546
2015-10-01,0.02745410594296403,0.05926563433876301,0.09107416380879121,0.18622720004183235,0.373404360316688,0.7244245373194073,1.034064755681338,1.523782004012321,1.8688830088511625,2.2045491127881203,2.6637149887937848,2.8224217624435837
2015-11-01,0.1631494560891232,0.1991137004457056,0.23477099438129986,0.3397947024299389,0.5403487638261246,0.9003779335312107,1.2054389529007075,1.671175316233843,1.9903291928473135,2.295613350627586,2.7083817242979222,2.8506196128349175
2015-12-01,0.17353548619876252,0.21699421100825353,0.25972939825713154,0.3836756993225496,0.6131780323044173,1.0054690112760543,1.3218276708548338,1.7825000017710833,2.085689513684128,2.3683981528705744,2.7436577740820227,2.8723392593784354
2016-01-01,0.29573343219214737,0.30891072406420894,0.32283019609509445,0.3684921976962827,0.47310640923724256,0.7086665374540998,0.9471344446318253,1.3652807691483286,1.6821046490149618,2.002864924750311,2.453487351495287,2.610299088284411
2016-02-01,0.34884309432342425,0.3613408781527617,0.3743095793187888,0.4157042678330435,0.5070386245076606,0.7068351541775229,0.9081972976392042,1.2676439131678285,1.549245502894392,1.845257168488063,2.2810150212056577,2.435910376444414
2016-03-01,0.26332066483643485,0.2765008151370698,0.29032989671118764,0.3352169085819326,0.4364512777299061,0.6607344140488896,0.8854068840803229,1.276592967124473,1.5716387403527285,1.8696360994721808,2.28763463866862,2.433037508393323
2016-04-01,0.24672900465868017,0.26336995807850316,0.28050997951373313,0.33449225690755774,0.4506427736433235,0.6949789019289004,0.9311698919025302,1.332327701847732,1.6299433839889723,1.9279063022072274,2.343474824170586,2.4878249792307567
2016-05-01,0.3503338567589667,0.3689821140233735,0.38792881238806753,0.4462310188054007,0.5668912777887605,0.809069074439914,1.0350852621201878,1.4090986129942098,1.6816114859103344,1.9517612292525328,2.3260894107138483,2.4558999588277737
2016-06-01,0.28156984097798804,0.2854735126994875,0.29033312387971205,0.3100451498234774,0.3678484481934816,0.5268972147184688,0.7066578266924516,1.0436932067876703,1.309703926212142,1.5846478506638138,1.975989339314246,2.112614072736546
2016-07-01,0.2815089091772518,0.29152398245424316,0.3020768208540386,0.33656001179279604,0.41511106255572616,0.5909519378143382,0.7682932580276451,1.0784756277791494,1.3131162173086235,1.5504709378794692,1.883738716606833,1.9996965002041234
2016-08-01,0.33349591567025094,0.3508183897605456,0.36828354857078094,0.42131031572782446,0.5284916314994678,0.7371360562204625,0.9271396249124094,1.2356011118566492,1.4572737412687298,1.6753315869420722,1.975917983631327,2.0800184837000217
2016-09-01,0.3070077851021242,0.32129336246349055,0.3359635558226765,0.38193698015020067,0.4800515012304619,0.6844906788373675,0.8807560278275398,1.2124454681576715,1.4576891951020812,1.7027686889979108,2.0441693248300608,2.1627207939419013
2016-10-01,0.3322656704053849,0.35048694460834673,0.36902753579199765,0.4262276474882604,0.5451345189866362,0.7851276241753568,1.010076428403097,1.3835505340814724,1.656304432234519,1.9270416968161759,2.302505583222538,2.432738328394556
2016-11-01,0.4156938979400094,0.45024165665497545,0.48445461879892543,0.585006301807692,0.7762066609523822,1.1172126255647619,1.4043384274589108,1.8401661893433543,2.1374096772612123,2.4209083157730524,2.803429882267652,2.935173402832038
2016-12-01,0.44049969814328505,0.4787771841062626,0.5165258725880277,0.6266065511618748,0.8326985630745443,1.191375300123854,1.4860979702176431,1.9232627064632795,2.2156764269255054,2.491195714318691,2.859716287407887,2.9863449095754073
2017-01-01,0.4747652219024065,0.5098401121362717,0.5445440202668563,0.6463687939915285,0.8393544848845605,1.1817947147216041,1.468694586404827,1.9021724620424527,2.196682930719989,2.476910902926623,2.854382612506944,2.9843292696322012
2017-02-01,0.4550329637201914,0.4944056766029938,0.5331066477408376,0.645263064191523,0.8525962197187074,1.2060353475331003,1.4902436196547475,1.9029027342191134,2.1737899500677407,2.4259506395684616,2.7602422124443726,2.874836601141201
2017-03-01,0.748259747569556,0.771957919037841,0.795730205904735,0.867256520178902,1.0094762610105321,1.280229778398252,1.5222160610870235,1.9091439457621637,2.184085539097038,2.4528041934311036,2.8216076605224516,2.9491900870382395
2017-04-01,0.7858125495293198,0.8052104868016727,0.8248371421485311,0.884796486021861,1.0073306710639922,1.2493337695353914,1.472321703114415,1.8377049700452797,2.1020602077987296,2.3630949965588077,2.7238446832472176,2.8488628209364544
2017-05-01,0.9641724724638697,0.9727786001716867,0.982057405802135,1.013458745040032,1.0886291198412306,1.265268330876935,1.4488754661635295,1.776399539459878,2.0272779926445312,2.282710654848522,2.6428554404888924,2.7682948323704384
2017-06-01,0.9647042456680452,0.9831453438883706,1.0016996105495795,1.057825219477593,1.170517139138775,1.3879381396287598,1.5844700440097153,1.9016348028402554,2.1285639579875113,2.3512362155831887,2.65766611134757,2.7637445137690024
2017-07-01,1.0535675616104505,1.0616969832313883,1.0705048632163021,1.1005284969680234,1.173102881803921,1.3451775025270574,1.5249948145270789,1.846841282918999,2.0938897124867446,2.345694257312988,2.700967448890861,2.8247311777375725
2017-08-01,1.0174137774701189,1.0251392939386048,1.0334599942537745,1.0615754369707309,1.1287385346081318,1.2862527540183581,1.4497882858795064,1.7412900718112627,1.9644715519318727,2.1916498235181012,2.511908529101856,2.6234512404362844
2017-09-01,1.0422475749199287,1.0600690673328945,1.077996268495756,1.1322053715193772,1.2409777137316447,1.4506500121536574,1.6400364403497827,1.9454855835652838,2.1639347248132745,2.3782314045904687,2.6730843399435726,2.7751505659172513
2017-10-01,1.1045286250756081,1.1269410592782823,1.1491660214816712,1.214647445708774,1.3397690225652723,1.564597069653097,1.755272596639998,2.046618156860558,2.246402914369836,2.4375845093496697,2.6961527523150264,2.7852608859804913
2017-11-01,1.2419239459568596,1.2692957288109725,1.296081241490711,1.3730497676770956,1.512842322759012,1.7440869333230968,1.923985803501336,2.1763230372183906,2.3367461717490854,2.4828920660465825,2.673507386608476,2.7385613236693533
2017-12-01,1.3628314223854758,1.3910550771309467,1.4185100707657596,1.4964947724201103,1.6346588697402349,1.8531940058909693,2.0143587496239728,2.227013907722696,2.3540393411550182,2.464611132572853,2.6036586078936623,2.6506291198292455
2018-01-01,1.4404020835322673,1.482066053931781,1.522306475551747,1.6350009951654885,1.8284384237079156,2.1160124881252242,2.3111063695622187,2.5413815669246107,2.661341877405114,2.7539652920263857,2.858045156626666,2.8919992713723683
2018-02-01,1.5964024094533706,1.6360513378912867,1.6744059296540559,1.7821572913470807,1.9684380744010175,2.2494243134044836,2.4440309726696414,2.680649989864926,2.8089263984724457,2.9118249929689406,3.032016523446256,3.0717231043177717
2018-03-01,1.7032723972838806,1.7364219397287657,1.768466847354162,1.8583664326082359,2.013292946320989,2.2454939499673965,2.4048690304578946,2.596193431652247,2.6981869832807086,2.7787256316649582,2.87134362152156,2.901788727887972
2018-04-01,1.7660312011748083,1.8105046975362094,1.8532853086614853,1.9721226136777685,2.1722899626707073,2.458234275259464,2.640787497506564,2.836391936025859,2.9238999882752523,2.9803986228472237,3.030774802507896,3.045783791392959
2018-05-01,1.8572681290685493,1.8908897446999255,1.9233092283213131,2.013801989786053,2.167956356189269,2.393548017153324,2.543071586871988,2.7134415205075912,2.797763893896995,2.859463029354994,2.9247570587659615,2.9456191900839497
2018-06-01,1.869679080910978,1.909567623538412,1.9478718776153856,2.0539037736760966,2.231033508319907,2.4795031649282584,2.6334627473130587,2.789808666431795,2.852875417654963,2.8874339456356437,2.9095213408266174,2.914906476687292
2018-07-01,1.9944263666701334,2.034735915996695,2.07342527544062,2.1804151310005357,2.3587157530093155,2.6074819068014805,2.76022323100727,2.9126649485024925,2.9719115358287107,3.0021466214593975,3.01774841099252,3.0208408192875194
2018-08-01,2.067046618147129,2.0989637572212203,2.129639399766224,2.214701698841894,2.35738728593783,2.5593777846168444,2.6864514345876898,2.8191358252948424,2.87572331624215,2.909776024525411,2.936621987092632,2.944138624947353
2018-09-01,2.1700470465274915,2.206681891868509,2.2418562665669683,2.3391936945174625,2.501677866954477,2.7292235858322966,2.869822438331502,3.0118479620674057,3.0685045942866283,3.0989213027819544,3.1173111792450476,3.121594062888759
2018-10-01,2.287974615926961,2.3185140124245307,2.347976153976452,2.4302963997188862,2.5708533407996965,2.777543624874759,2.9155349686064644,3.0745357054249287,3.154559704055302,3.2141892528302565,3.278637556952637,3.299384664409138
2018-11-01,2.374927210683709,2.3940565946716204,2.4126314841626484,2.4652062356045663,2.557630153655164,2.701684382266262,2.805950430345799,2.940378460237235,3.018635586754332,3.085387164029116,3.1678910261486557,3.1956212714408925
2018-12-01,2.5150639920192943,2.506508126101169,2.498701641326154,2.479399811627186,2.456325074193254,2.452698314371681,2.4803884423961224,2.5654593435304083,2.6477204019294343,2.7404180043853157,2.87915002139766,2.9281668267223266
2019-01-01,2.476441645322403,2.4659760897725067,2.456367253427031,2.4322536729043214,2.401845757784295,2.3901421443011532,2.4151293502029323,2.501834183243979,2.588440624739188,2.687180735096359,2.8358860330623905,2.8885025101434483
2019-02-01,2.4988124571894565,2.490633666477215,2.483240216815802,2.4653687342650343,2.445823850629951,2.450723152495042,2.4874195732473656,2.5887193654603906,2.683489715868688,2.788964599678159,2.9457485678777635,3.0010560999951412
2019-03-01,2.4882237745191396,2.4647710741387168,2.4427886562039323,2.384973881783262,2.3004553441410516,2.2197069034664763,2.2090563105929486,2.2731624298407302,2.362095104526871,2.473474691318698,2.6492275923337196,2.7120642371344683
2019-04-01,2.496520519708958,2.472565450486607,2.450188002515095,2.3917721051426115,2.3082058422233076,2.234925625848877,2.235290164971363,2.3227336164333265,2.4313099155363687,2.563614265622182,2.7697003748398017,2.843174116671513
2019-05-01,2.440681887380308,2.4011469931798777,2.3638846678832133,2.2646942774371035,2.1147178089241088,1.9536242581000725,1.9051431925909041,1.9535730103103572,2.0553265052214273,2.192746442494789,2.4168810260685305,2.4975799304093047
2019-06-01,2.2173134760072184,2.176176726743913,2.137505522134691,2.0351439913359064,1.8827661093451469,1.7273815182213652,1.691893175682197,1.7715044029639933,1.900978611582909,2.068629045186167,2.3371893685257312,2.4335180522707653
2019-07-01,2.12905803867027,2.1024067079588837,2.077436066834444,2.01181916437357,1.9161333518157502,1.8255701621679894,1.8149316748318878,1.8906423485600221,1.9940151113480176,2.123000500568268,2.3261848879552924,2.3988019849156164
2019-08-01,2.107608074952072,2.0593945365290445,2.013756869008389,1.8911490361614325,1.7011261709049073,1.4809523505107498,1.3928374447182696,1.3952628519652202,1.4736131527564105,1.5933956917704384,1.7982237927100777,1.8726800280129894
2019-09-01,1.9429166029842775,1.9124933686831596,1.8838394878808187,1.8076822859896016,1.693019521750074,1.5715451616977036,1.5372834369850965,1.5805017394710328,1.663609434776651,1.7743802880174495,1.9540557784311912,2.0186728933329543
2019-10-01,1.6211255636835988,1.6030666295043194,1.5863137481939966,1.5432568361606642,1.4845112191969632,1.4434246537250643,1.4610045782413625,1.5607314713411622,1.6698860226048224,1.7981601725218617,1.9944146284572588,2.0641044763689393
2019-11-01,1.645560035813452,1.6331424447219067,1.6217326367764184,1.5930480241948204,1.5566503780201597,1.541704931930744,1.5700584108108688,1.6704068877961407,1.7711250671842589,1.8861479541883182,2.0595311650710135,2.1208920634919073
2019-12-01,1.5627964768002365,1.5542267347514698,1.5466199058129864,1.5290708036241236,1.5136924581850095,1.535808072650238,1.5950171159150706,1.741711613337997,1.8737629862723517,2.0185082006960875,2.2318400770490467,2.3069455549053908
2020-01-01,1.6214267725129727,1.5921475370775005,1.5647054864390357,1.4925410280878242,1.3870842277448012,1.2864723537009273,1.2734172001196535,1.35392137429678,1.4653292140701109,1.604777811946426,1.8247649159406343,1.903412078063341
2020-02-01,1.3864741798764155,1.3407556013067428,1.2977570663004057,1.183825446596936,1.0137429592038216,0.8386122140447039,0.7961893659455509,0.878842674601373,1.018033360406679,1.199440106731194,1.4908666393135521,1.5954603856726333
2020-03-01,0.14308470382600375,0.1335179072174244,0.1251918624294268,0.10699422528028027,0.0958663602318934,0.14066302121050156,0.2313402792620988,0.4431190066606048,0.6293133523897728,0.831428024115579,1.1276629072257804,1.2318183501506448
2020-04-01,0.1372921529539786,0.127237324159773,0.11840558649715861,0.0985993881572631,0.08395498877235641,0.12121917903037725,0.20452127741779816,0.4036593209146318,0.5804180802829086,0.7730550682859308,1.0560430358857156,1.155594597642115
2020-05-01,0.19610231960469132,0.1804568582434126,0.16616221645496687,0.1307689858907385,0.08875308519203208,0.08664278253615278,0.1488978902723666,0.3443690890486406,0.5441453274402569,0.7833460560075026,1.1694798838383842,1.3108755054708554
2020-06-01,0.2012609964685563,0.18484653931600906,0.169819314318017,0.13243284376176803,0.08723721052325142,0.0812140790764927,0.14172193103435304,0.33698987511675166,0.5382520176672886,0.7800778996225972,1.171374389973046,1.3147729031218764
2020-07-01,0.14706424830566145,0.12858550444943853,0.11175364451247959,0.07030458594650849,0.021502456785025843,0.017112336533672053,0.08112524693143575,0.27308063616754125,0.457385749160576,0.6645310129994418,0.9741057816523933,1.0834487965558337
2020-08-01,0.1564485543659873,0.1394407136720275,0.12394734348420895,0.08585321872775992,0.041778709854171495,0.04445986421235679,0.11764406597630679,0.3391592276717683,0.5617495664382731,0.825269736475043,1.2455976632711936,1.398651335850909
2020-09-01,0.14456924127616122,0.12830363475480525,0.11350324288264751,0.07721371007543268,0.03568475956983851,0.04035824340466446,0.11298475801524935,0.33013941761951837,0.5474501169703964,0.8042516909724684,1.2133266104623337,1.362214573996494
2020-10-01,0.13770999958715213,0.12266515121740616,0.1091717818568368,0.07725764049649224,0.046031747060555364,0.07443477255301015,0.17126070613427907,0.4305383315745712,0.6790887594528127,0.9665262685173797,1.4163579776759254,1.5789568638735916
2020-11-01,0.13113201769737368,0.11483059829865432,0.10025550653756338,0.06600998948164977,0.03320680171519097,0.06468674040727099,0.16622759292591552,0.4286215318743503,0.671083436510959,0.9419433162300164,1.3488318672608408,1.4931706010602173
2020-12-01,0.13574169772965794,0.11709194559116817,0.1003549677367641,0.06065104682227494,0.020827284677148866,0.04908120278916275,0.1555813474425547,0.4363940140691745,0.6976633384181086,0.9902283089256108,1.4301552979714778,1.5862295478269055
2021-01-01,0.12047092903717613,0.10030053510003464,0.08236571289414274,0.04080190045355546,0.003483853836163016,0.05179999635215628,0.18659106449267526,0.5229389392022561,0.8265383490850833,1.1596898007831116,1.6510098438397753,1.824009074923889
2021-02-01,0.0625551714088856,0.051334750889066326,0.04213061074254786,0.025501957634389144,0.03288788450077429,0.1534695618682136,0.342993081927156,0.7538586887431861,1.1034592608934646,1.4776523588748987,2.0216332634939382,2.2125234090234946
2021-03-01,0.023814917857468032,0.01789881286463524,0.013905277632289027,0.012359405092703633,0.047560337019951146,0.21536787645631203,0.4427037836420573,0.9082325617442852,1.2935757236416014,1.700954657116507,2.2888459473740275,2.4947806995581865
2021-04-01,0.016997299053776976,0.011471599980103043,0.007770866833465683,0.006572930721501389,0.040517024945323915,0.20080020827613135,0.4174727392530633,0.8607567239982816,1.227516014203968,1.6151657562499577,2.1745142510086892,2.3704445854757523
2021-05-01,0.026653305522872112,0.017396549081587935,0.01014481276196983,-0.0007032885582628629,0.01783330084730271,0.15873966044319782,0.36573488395823006,0.8036224957691953,1.171935217369251,1.5641412014835536,2.132585889081325,2.331915972239796
2021-06-01,0.0405382541287203,0.04102752275619362,0.042819698177741373,0.05523149029157807,0.10557150135335844,0.2689831903813378,0.4668964577101889,0.851755844652386,1.1618000148195964,1.485447872478938,1.9489365337168982,2.1109916195330825
2021-07-01,0.06356156282639482,0.05694762689206815,0.05189361772892909,0.04521269717753782,0.0630956531245978,0.17921631185687384,0.3459915424312647,0.6957393729119606,0.9886814235669209,1.3000388997981092,1.7508002461472352,1.9088210455381207
2021-08-01,0.042120556525185,0.03990621340047906,0.03904409540675744,0.043781246001994845,0.08000054361322079,0.21952964992631258,0.3984002947388272,0.7558478705009701,1.048037480002778,1.3551503535199312,1.796802242364677,1.9513794539988774
2021-09-01,0.02487358174298239,0.03142033599575593,0.038958123458669204,0.06687298009474293,0.14151541677500273,0.33401507345521936,0.5447416207299891,0.9327005917697316,1.235650314537473,1.5471222767046926,1.9889945589540932,2.143135125781658
2021-10-01,-0.0027525861817621474,0.022081232639364585,0.046815192231415795,0.1202774412606645,0.26284598819961147,0.5250452293289027,0.7523111451772407,1.1063705482455188,1.3529675965629964,1.5911702312802114,1.91545947098523,2.027408510270622
2021-11-01,0.014510901792910359,0.04261965307918814,0.07032251956452146,0.15101173561513112,0.3017137929897187,0.5629746741829242,0.7767976807292243,1.09273870351049,1.3033617232320607,1.5013930921121619,1.765859410080866,1.8566961131108193
2021-12-01,0.02065689492078982,0.059070006245102426,0.09653200655147243,0.203469896265388,0.39497725091497127,0.7039368790050158,0.9373774214106607,1.2543342313722634,1.4494509705364116,1.6231769216023249,1.8457224450592205,1.9212950761163972
2022-01-01,0.1180941194170808,0.17989097448747784,0.2394531866528365,0.4055687446273025,0.6879912134341006,1.0995853882187636,1.3706884377708277,1.6765575566502549,1.8256695183680516,1.9329347604797222,2.0441488221134048,2.0794172777801867
2022-02-01,0.12381386770942523,0.2311170313533244,0.3309119693576595,0.5908403681556111,0.9733178122310912,1.4086724864064724,1.6274081496496278,1.825945171477197,1.9133115419491038,1.9788135502732507,2.0551941952052624,2.0806538562319745
2022-03-01,0.1502712439015377,0.3600979038303317,0.5513290966464129,1.0290688970977835,1.6630892769401422,2.227511268660843,2.40385501298515,2.465038990874219,2.460443610420806,2.450208782023635,2.436788277342776,2.432297639276368
2022-04-01,0.4285661758248474,0.6615946586028206,0.8730582801900582,1.3971882834642526,2.082284188752781,2.6821369912814133,2.8736405269948633,2.959395211206127,2.972813698353377,2.978529944932785,2.9844181260820557,2.986373914314645
2022-05-01,0.7331943855633385,0.9433770540416291,1.1286011633352184,1.5655564618663218,2.093936527631924,2.5460310998080935,2.725339746959415,2.8721979191014197,2.935269291081342,2.9825740684007016,3.03776298786088,3.056159294349732
2022-06-01,1.2611174023511336,1.6170956755356827,1.889625337805002,2.3909832226548504,2.7713483872638047,2.9634023548126307,3.02398138787094,3.072214167211005,3.092882558072049,3.1083838491378453,3.126468688713279,3.1324969685717567
2022-07-01,2.4690435698861286,2.487728549777683,2.5056486333165675,2.5551258109435593,2.6372692864283667,2.750898665573096,2.8196426949689326,2.8862861607100485,2.9105033817418033,2.92112624942631,2.9234968094786757,2.9232301877488354
2022-08-01,2.4216927871562133,2.713108365449639,2.9339761335267953,3.316569376242136,3.51068551404428,3.457958701528062,3.3999959273101745,3.3482587787008846,3.325913973961894,3.3091544937019073,3.2896017626909364,3.2830841856870934
2022-09-01,2.872741605027752,3.1297444907833234,3.34460919445,3.795689906188989,4.180494443082915,4.246674586613873,4.160538409625322,4.043943815473436,3.988604528858939,3.94686681815732,3.8981633508117737,3.881928850926381
2022-10-01,3.7166187511145545,4.013302044452264,4.228672034372987,4.564211941380377,4.652450193641246,4.493962154993529,4.397305975024347,4.315233803424295,4.279934568056188,4.253459684483545,4.2225723188076705,4.212276530249004
2022-11-01,4.4169543715998145,4.416335659584662,4.4153114508494795,4.4100530351980884,4.391639877927092,4.3356299317881115,4.269487795512028,4.14251680516146,4.040953054182168,3.9352933763655487,3.7842963100548674,3.7315283317766776
