Date,0.083333333,0.166666667,0.25,0.5,1,2,3,5,7,10,20,30,Label
1/1/1990,7.994548476,8.011123814,8.02705183,8.071205015,8.145210945,8.249796088,8.315405419,8.383563269,8.412346135,8.429398879,8.442435409,8.44602242,3
2/1/1990,7.999677588,8.022911545,8.045166274,8.106452761,8.207570552,8.345454391,8.426767108,8.501494016,8.525031986,8.531369322,8.524469008,8.520693591,3
3/1/1990,8.048064893,8.084309808,8.118848689,8.212956077,8.364199744,8.55765824,8.658053761,8.722952378,8.71793775,8.684207273,8.610934961,8.583186088,3
5/1/1990,7.961351557,7.993744054,8.024690931,8.109460285,8.247509104,8.429995643,8.531443401,8.6123456,8.626359681,8.615544548,8.577762653,8.562650807,3
6/1/1990,7.925980867,7.946198228,7.965596045,8.019198836,8.108373453,8.232302019,8.307882117,8.382331981,8.410425823,8.423895715,8.429292281,8.429994012,3
7/1/1990,7.654555336,7.669010408,7.683165676,7.72389525,7.798077083,7.921386925,8.017845486,8.153945038,8.240958288,8.32053519,8.424634666,8.460191064,3
8/1/1990,7.543408308,7.574303762,7.604420038,7.690310231,7.843821099,8.090592899,8.276242021,8.52705484,8.680663781,8.816918332,8.990934296,9.049976759,3
9/1/1990,7.302390995,7.344782311,7.385864384,7.501695549,7.703578789,8.013049057,8.232177441,8.506771504,8.661372093,8.789626937,8.944270469,8.995864245,3
10/1/1990,7.250996557,7.280613269,7.309584436,7.392771594,7.543621769,7.792475046,7.985469611,8.255261812,8.426224936,8.58162177,8.783950499,8.852969027,3
11/1/1990,7.196240456,7.214601757,7.232741964,7.285820113,7.385866406,7.561868879,7.70807144,7.927204889,8.075088623,8.215211887,8.403394314,8.468125799,3
12/1/1990,6.518079835,6.55624658,6.593412601,6.699196492,6.887446193,7.187667776,7.411352151,7.710141921,7.890976983,8.049970563,8.251572349,8.319835321,3
1/1/1991,6.213710456,6.261939063,6.30875757,6.44120611,6.673781923,7.035498722,7.296575552,7.631983049,7.826448825,7.991779166,8.195540795,8.263969083,3
2/1/1991,6.022795831,6.081752866,6.138798879,6.299137148,6.576628697,6.996101223,7.287496798,7.643289915,7.837220926,7.993559503,8.177054883,8.237766911,3
3/1/1991,5.682030058,5.762327576,5.839740179,6.055744602,6.423400689,6.960489128,7.315531564,7.718396169,7.916530231,8.060487221,8.211558386,8.259680217,3
4/1/1991,5.429309048,5.513365645,5.59447727,5.821224004,6.208823601,6.780150897,7.1629324,7.606376236,7.831326778,8.000355378,8.184771251,8.244333436,3
5/1/1991,5.519601334,5.596168315,5.670212671,5.878099751,6.236989464,6.776806997,7.149191876,7.599442298,7.841756814,8.034819864,8.258831963,8.332680264,3
6/1/1991,5.497552296,5.589788143,5.678715846,5.926882788,6.349407822,6.967038497,7.375710695,7.840119301,8.069041834,8.235792489,8.41131736,8.467290727,3
7/1/1991,5.48983857,5.574316296,5.655906381,5.884394839,6.276562098,6.859493757,7.254878986,7.72141993,7.96435686,8.151852319,8.36244367,8.431134828,3
8/1/1991,5.242876709,5.310670129,5.376510572,5.562934261,5.890920705,6.40291029,6.774219733,7.254134658,7.534307952,7.77383414,8.070468614,8.170227688,3
9/1/1991,5.052490783,5.105563622,5.157476806,5.306523414,5.576741691,6.022339044,6.367761418,6.850402082,7.156100622,7.433874502,7.795448564,7.918780421,3
10/1/1991,4.748870711,4.800103013,4.850538212,4.997124451,5.269713043,5.73894785,6.120174417,6.679423701,7.049908965,7.396839271,7.858788667,8.017330089,3
11/1/1991,4.265328798,4.322180406,4.378239287,4.541674939,4.847505935,5.379341328,5.815991306,6.463167098,6.89575994,7.303182989,7.847960084,8.035137177,3
12/1/1991,3.75069816,3.800411398,3.849708237,3.994948465,4.272461234,4.771085875,5.193941216,5.840013736,6.283025881,6.706949296,7.280283773,7.47786606,1
1/1/1992,3.627623206,3.713151071,3.796581077,4.03484779,4.461966105,5.152276581,5.67497612,6.386428121,6.825495757,7.217145313,7.719590975,7.890283136,1
2/1/1992,3.709336704,3.798661522,3.885607182,4.132870486,4.572096331,5.270233255,5.788243816,6.476788543,6.891339806,7.254382363,7.713218955,7.868438218,1
3/1/1992,3.780746735,3.890341777,3.996461931,4.295165463,4.813816752,5.602971982,6.156135502,6.839962799,7.218587207,7.528148985,7.896397638,8.018749379,3
4/1/1992,3.41533474,3.538336653,3.657401345,3.992332616,4.573074334,5.454250842,6.069562102,6.826256601,7.242487485,7.580814221,7.981063942,8.113820454,3
5/1/1992,3.458280578,3.560875341,3.660530472,3.942787167,4.439722327,5.216465847,5.780740474,6.511618812,6.939334019,7.305703857,7.760180539,7.913097026,1
6/1/1992,3.365740058,3.449326847,3.531082663,3.76578434,4.191196323,4.892431957,5.435773988,6.19457968,6.674966532,7.111325248,7.679179614,7.87285927,1
7/1/1992,2.996147678,3.073666545,3.14970223,3.369171426,3.771527882,4.447916148,4.983667684,5.74961448,6.24538288,6.702586685,7.304488578,7.510430585,1
8/1/1992,3.013151606,3.071691069,3.129815891,3.301478448,3.631018587,4.22734929,4.736499551,5.519196285,6.058563982,6.576252542,7.277891946,7.519825425,1
9/1/1992,2.558838164,2.619895416,2.680633275,2.860629248,3.208462039,3.84415472,4.391966898,5.24107524,5.830088861,6.397684164,7.169113797,7.435305555,1
10/1/1992,2.814181893,2.900998774,2.98601674,3.230652036,3.676248514,4.417050851,4.996630675,5.81453341,6.337530211,6.81588236,7.441696272,7.655455203,1
11/1/1992,3.077581352,3.176649211,3.273039462,3.546945588,4.032661057,4.802223734,5.370962609,6.12333147,6.573990983,6.96711256,7.462353743,7.629732537,1
12/1/1992,2.85959548,2.958297667,3.054355496,3.327446936,3.812220687,4.581776447,5.151879797,5.908238155,6.362699043,6.760080931,7.261679181,7.431302508,1
1/1/1993,2.750283271,2.827962476,2.904121581,3.123760288,3.525715947,4.199398132,4.731239828,5.488968091,5.97784501,6.42772038,7.019009474,7.221230742,1
2/1/1993,2.85125078,2.904405292,2.957171278,3.112941811,3.411729984,3.951746619,4.412278055,5.119492793,5.606432003,6.073559395,6.706442999,6.924648062,1
3/1/1993,2.783293311,2.84307823,2.902148598,3.075017435,3.400965561,3.974682359,4.451513842,5.166565379,5.649328242,6.10687916,6.721477552,6.932899424,1
4/1/1993,2.81365825,2.862401437,2.911067157,3.056252998,3.340400636,3.869413671,4.333057107,5.062322819,5.574060276,6.070572173,6.748601724,6.982853163,1
5/1/1993,3.012159384,3.073735698,3.134366712,3.310656381,3.638745878,4.204266424,4.664353145,5.340207283,5.788475259,6.208566894,6.768249466,6.960362023,1
6/1/1993,2.991268234,3.039035222,3.086444905,3.226358613,3.494565618,3.978858828,4.391503079,5.024674419,5.460351055,5.878137816,6.44401656,6.639105668,1
7/1/1993,2.983689106,3.042026407,3.099350266,3.265376419,3.571914491,4.093393731,4.511806512,5.117976198,5.515097776,5.884281404,6.37323494,6.540803203,1
8/1/1993,2.97682206,3.020975386,3.064631553,3.192558248,3.434395982,3.861812939,4.218500779,4.755442781,5.119128501,5.464516778,5.929125839,6.08901244,1
9/1/1993,2.877196494,2.929612714,2.98108053,3.129937658,3.403985213,3.867948847,4.238286999,4.771978896,5.119947708,5.442415093,5.868491854,6.014419057,1
10/1/1993,3.015781893,3.064360296,3.11216246,3.250983699,3.50870777,3.951158334,4.309608717,4.83397255,5.180488641,5.504454402,5.935318517,6.08314491,1
11/1/1993,3.094801447,3.153729104,3.21147157,3.377820874,3.681578463,4.188750067,4.587457044,5.152993282,5.51636317,5.849808294,6.287138273,6.436618964,1
12/1/1993,2.962024207,3.030298463,3.096954655,3.287631142,3.630647913,4.188564498,4.614208606,5.198527382,5.562257254,5.888731892,6.309642898,6.452833761,1
1/1/1994,2.952981848,3.012452691,3.070717234,3.238514355,3.544701015,4.055312749,4.456185438,5.023985829,5.388323644,5.722353403,6.160147581,6.309758753,1
2/1/1994,3.350879948,3.423559196,3.494304724,3.695508327,4.052960888,4.621253586,5.043042444,5.603881211,5.941668754,6.237568165,6.611631134,6.738180766,1
3/1/1994,3.408431513,3.517322997,3.62248023,3.916899422,4.421961133,5.171891475,5.679749041,6.277616787,6.587933458,6.826658674,7.093874225,7.180935555,1
4/1/1994,3.886383146,4.000150566,4.109708398,4.414721997,4.93117563,5.677319151,6.162240885,6.697648914,6.94979636,7.123895296,7.295139711,7.348353658,3
5/1/1994,4.307540015,4.40949337,4.507711771,4.781366571,5.24555527,5.918763027,6.358886396,6.849552974,7.0842851,7.249469204,7.416064425,7.468345262,3
6/1/1994,4.08634515,4.237744226,4.380992548,4.766544811,5.374446504,6.152196842,6.59567797,7.039574364,7.245331369,7.400820721,7.582015192,7.642399679,3
7/1/1994,4.357525557,4.455137955,4.549179938,4.811229421,5.255854765,5.901067334,6.323268427,6.794639975,7.020667078,7.180165537,7.341598675,7.39232885,3
8/1/1994,4.62090704,4.71015608,4.796200669,5.036302556,5.445020227,6.042234315,6.437163906,6.885539804,7.106246452,7.266758266,7.435396749,7.489137056,3
9/1/1994,4.677110148,4.817699261,4.950619898,5.307788387,5.868472974,6.577830288,6.974380916,7.359449611,7.531597757,7.658931434,7.805982322,7.854946413,3
10/1/1994,5.176834544,5.276348002,5.372041001,5.637677307,6.08438686,6.720274679,7.12393982,7.552217765,7.740429578,7.858912345,7.960257475,7.98986317,3
11/1/1994,5.296377587,5.524944691,5.72976623,6.226932558,6.857520608,7.418245806,7.636877211,7.807729042,7.879244857,7.932716727,7.995088243,8.015878718,3
12/1/1994,4.68934897,5.235298015,5.670192361,6.524166162,7.24266176,7.625420432,7.742097616,7.833906033,7.873214429,7.902695619,7.937090341,7.948555248,3
1/1/1995,5.84155353,5.959954251,6.070058012,6.356372227,6.773527854,7.227684709,7.43153627,7.580584748,7.629343747,7.660335187,7.694588731,7.705968515,3
2/1/1995,5.962664812,6.006808327,6.049421954,6.168641588,6.37280352,6.67487005,6.878369587,7.116088143,7.238131152,7.330982234,7.433682712,7.46700906,3
3/1/1995,5.902509998,5.952704961,6.001040349,6.135595312,6.363375297,6.692302959,6.90591642,7.14148313,7.252200109,7.328457542,7.403214638,7.426414243,3
4/1/1995,5.900467488,5.936533993,5.971483912,6.070010453,6.241674871,6.504646661,6.690683292,6.923530904,7.054437596,7.162901038,7.293531967,7.337099306,3
5/1/1995,5.848794225,5.841300292,5.834774132,5.820484617,5.811616956,5.846205005,5.916620856,6.081313204,6.22619541,6.383504728,6.614102392,6.695182701,3
6/1/1995,5.611371255,5.61185131,5.612955043,5.61963191,5.645176158,5.726113922,5.823247776,6.011264241,6.162349113,6.319873144,6.545293275,6.624095417,3
7/1/1995,5.590819788,5.599006927,5.607554955,5.635082841,5.696429316,5.830628988,5.963932237,6.194702809,6.368105253,6.542895758,6.787759121,6.872908723,3
8/1/1995,5.470172233,5.484179541,5.498158792,5.539832085,5.621276359,5.772595762,5.904973638,6.112864056,6.258566359,6.399832145,6.592647018,6.659253788,3
9/1/1995,5.465378407,5.479383532,5.493266277,5.534140471,5.612136095,5.751992549,5.870366607,6.050907956,6.174526115,6.292713104,6.452454862,6.507495964,3
10/1/1995,5.530967001,5.528445493,5.526605948,5.524792069,5.534788085,5.589639621,5.666155845,5.824762421,5.956851135,6.09688128,6.299295376,6.370228219,3
11/1/1995,5.527416249,5.50757241,5.489274736,5.442895085,5.382387366,5.350704229,5.386480168,5.528216038,5.674125874,5.842216586,6.096760654,6.186939264,1
12/1/1995,5.178776641,5.170517621,5.16324099,5.146785205,5.133945647,5.161855413,5.226980459,5.384107091,5.524091324,5.676883068,5.90153282,5.980577983,1
1/1/1996,5.046428331,5.029838039,5.014859333,4.978763813,4.939793948,4.951982603,5.029170705,5.240027018,5.436604719,5.655091892,5.979621892,6.094084078,1
2/1/1996,5.008523572,5.02456503,5.040679189,5.089285177,5.186375438,5.372382824,5.539525089,5.807964204,5.999343737,6.186748669,6.444287057,6.533408615,1
3/1/1996,5.07599709,5.110199558,5.143524948,5.238486918,5.407901361,5.67932928,5.882701077,6.156162472,6.322823044,6.470118664,6.6576829,6.721269336,3
4/1/1996,5.088655247,5.13988672,5.189411753,5.328354638,5.567815013,5.926762872,6.173180625,6.469078955,6.626878551,6.7515281,6.89492375,6.942065745,3
5/1/1996,5.095082531,5.162408165,5.227173437,5.407093867,5.710201763,6.143364941,6.420075337,6.716881214,6.849913515,6.936027844,7.013126969,7.036141113,3
6/1/1996,5.13077806,5.186280174,5.239800361,5.389205914,5.643774268,6.016485543,6.263693026,6.54567191,6.685463331,6.787935375,6.896610327,6.931359946,3
7/1/1996,5.266154746,5.32026189,5.37241628,5.517893299,5.765311606,6.12615226,6.364086879,6.633001488,6.764452213,6.859303743,6.958017196,6.989365036,3
8/1/1996,5.231775118,5.295847728,5.357534468,5.529188239,5.81950036,6.237892342,6.508760431,6.805930986,6.944412032,7.03877791,7.1299402,7.158063033,3
9/1/1996,5.121264868,5.175998071,5.228811287,5.376436763,5.628734446,6.000464057,6.249358488,6.537416791,6.683336354,6.792817411,6.912066024,6.950558379,3
10/1/1996,5.14771355,5.178196306,5.207944098,5.29297104,5.445662737,5.693237926,5.881418585,6.138671059,6.298134678,6.440832445,6.624366183,6.686761248,3
11/1/1996,5.149434852,5.168848732,5.1879584,5.243487396,5.346703011,5.524252245,5.668393575,5.879689388,6.019575558,6.150513075,6.324807191,6.384620161,1
12/1/1996,5.152723769,5.191953219,5.229940802,5.336878004,5.522600451,5.805316498,6.003612583,6.248957786,6.38494626,6.496234588,6.628738144,6.672774884,3
1/1/1997,5.115543845,5.158508732,5.200127309,5.317363103,5.521272977,5.832583584,6.051808054,6.324513162,6.476679409,6.601939234,6.751896002,6.801817166,3
2/1/1997,5.17931464,5.228710563,5.276358288,5.409458435,5.636591168,5.970199785,6.192535156,6.448033428,6.576113528,6.671145523,6.773358416,6.806206272,3
3/1/1997,5.298534203,5.364997081,5.428855746,5.605826381,5.902257541,6.320572747,6.582372617,6.853173911,6.966571426,7.032843257,7.082099247,7.095427127,3
4/1/1997,5.279855946,5.336228425,5.39047647,5.541288662,5.795790241,6.160833155,6.395399206,6.649531359,6.765454217,6.842296685,6.91364274,6.935287265,3
5/1/1997,5.056229829,5.122233278,5.18567119,5.361592235,5.656727424,6.074658398,6.337713542,6.61263046,6.730079767,6.800947319,6.857105552,6.872874113,3
6/1/1997,5.171042104,5.221314241,5.269773469,5.404951442,5.634885582,5.970324862,6.191608201,6.441878883,6.564348778,6.652828722,6.745049017,6.774351045,3
7/1/1997,5.235656526,5.258607588,5.280936705,5.344378922,5.456845526,5.634933261,5.76645233,5.940283435,6.044307973,6.134985556,6.24914928,6.287727012,3
8/1/1997,5.208205523,5.248641732,5.2876863,5.396975545,5.584346976,5.862229073,6.050085432,6.270667077,6.384744016,6.472183678,6.569679186,6.601402717,3
9/1/1997,5.087568005,5.123823208,5.158862817,5.257122001,5.426290923,5.679340107,5.852539126,6.059624796,6.169426698,6.255684843,6.35436318,6.38674551,3
10/1/1997,5.224717652,5.241059611,5.257065211,5.303133075,5.387092149,5.52681096,5.636243018,5.790855141,5.889829816,5.980424656,6.09901615,6.139529824,1
11/1/1997,5.268190125,5.293192038,5.31726671,5.384279646,5.49769971,5.661416598,5.767669096,5.88471575,5.939630688,5.97737096,6.014258562,6.025692282,1
12/1/1997,5.387417167,5.398625987,5.409554401,5.440734361,5.496510819,5.586315446,5.654006289,5.745660372,5.801922152,5.851911822,5.915842404,5.937541934,1
1/1/1998,5.23895078,5.235845546,5.233297267,5.228686509,5.230692382,5.263936088,5.316231079,5.429634017,5.526140335,5.629441537,5.779620306,5.83232048,1
2/1/1998,5.336635464,5.341354691,5.346176318,5.361156411,5.392670303,5.457216388,5.518397313,5.620830143,5.69607941,5.771014244,5.875158304,5.911301167,1
3/1/1998,5.197508761,5.214682186,5.231350166,5.278484947,5.361180051,5.489577447,5.582048719,5.700516931,5.76898372,5.827040692,5.898429657,5.922387669,1
4/1/1998,5.090244578,5.114183981,5.137305393,5.202057361,5.313201585,5.478431366,5.59052243,5.722821844,5.791738672,5.844947723,5.904734786,5.924238838,1
5/1/1998,5.169718237,5.186174359,5.202096359,5.246844057,5.324271593,5.441268229,5.522496656,5.621598616,5.675561397,5.719023806,5.769990483,5.786848803,1
6/1/1998,5.165681146,5.180580956,5.194923182,5.23481733,5.302227602,5.399188049,5.461767996,5.53007422,5.561631692,5.582901239,5.603133525,5.609335165,1
7/1/1998,5.154209763,5.168959878,5.183229531,5.223323838,5.292662052,5.39732187,5.469875366,5.55820727,5.606175026,5.644712904,5.689795702,5.704696441,1
8/1/1998,5.069543272,5.050402831,5.032535415,4.985965177,4.919649269,4.862611256,4.864753108,4.938236849,5.02791054,5.13667501,5.305713773,5.365949604,1
9/1/1998,4.573262536,4.543277389,4.515056477,4.44023121,4.328819317,4.218195978,4.201398056,4.293582216,4.431809891,4.616936741,4.933284406,5.05068571,1
10/1/1998,4.465176158,4.429080229,4.395540257,4.309020275,4.189612953,4.100872883,4.127923105,4.311455005,4.516870544,4.759926316,5.133083767,5.265694896,1
11/1/1998,4.665700589,4.644923563,4.625650664,4.576125727,4.508592657,4.46150345,4.481951095,4.597121259,4.72305473,4.871001315,5.097318425,5.177680678,1
12/1/1998,4.599262096,4.583174055,4.568369406,4.531018871,4.483051166,4.460986433,4.494418349,4.617976907,4.743255576,4.886832134,5.103660968,5.18043019,1
1/1/1999,4.556386468,4.543823462,4.532357573,4.503988534,4.469988841,4.464270955,4.504449931,4.628426437,4.748457439,4.883778786,5.086352094,5.157929409,1
2/1/1999,4.654777375,4.674282462,4.693321269,4.747761336,4.84561042,5.004512525,5.12551764,5.291285784,5.394258472,5.486545389,5.605385935,5.645801229,1
3/1/1999,4.482004,4.502411455,4.522453743,4.580443272,4.687288105,4.868420004,5.013210271,5.222176486,5.35860697,5.48515191,5.652467478,5.709781763,1
4/1/1999,4.554827111,4.577619184,4.599890785,4.663709961,4.778936769,4.967574235,5.112585953,5.313351074,5.439379919,5.553179546,5.700589231,5.750802527,1
5/1/1999,4.611695471,4.655221894,4.697133619,4.813794321,5.011233938,5.296199084,5.481111229,5.684752868,5.78025249,5.845847679,5.909911769,5.929763005,1
6/1/1999,4.782407112,4.820358784,4.857001678,4.959553599,5.135315944,5.395803232,5.571724925,5.777987233,5.884436217,5.965856694,6.0564351,6.085885378,1
7/1/1999,4.655277396,4.707839155,4.758417076,4.899009205,5.136196995,5.476198003,5.694460994,5.93054155,6.037923473,6.108835007,6.174302705,6.194114992,1
8/1/1999,4.951101613,4.994324538,5.035923222,5.151595693,5.346900913,5.627356449,5.807895661,6.004093456,6.09406217,6.154115472,6.210446165,6.227610799,1
9/1/1999,4.820308181,4.862943383,4.904057143,5.018834966,5.214424567,5.500854906,5.690904196,5.907808173,6.015430787,6.094396446,6.178235049,6.205053767,1
10/1/1999,5.083230267,5.122494373,5.160306964,5.26558624,5.443876081,5.701550194,5.869105543,6.054272114,6.141604326,6.202013927,6.261578477,6.280106133,3
11/1/1999,5.345884184,5.381034214,5.414867364,5.508968855,5.667941753,5.896500073,6.043911508,6.204621557,6.278720751,6.328534086,6.375742991,6.390191063,3
12/1/1999,5.430088095,5.477096238,5.522187039,5.646721812,5.853635517,6.14035641,6.314342456,6.484033701,6.546597792,6.575034759,6.583451723,6.58363879,3
1/1/2000,5.716740855,5.774287344,5.829113666,5.978432667,6.218146011,6.523910582,6.681608438,6.781325158,6.770679175,6.714319588,6.59396393,6.548500786,3
2/1/2000,5.715073476,5.772201084,5.826438585,5.973076364,6.204133377,6.484661909,6.613084583,6.657127751,6.602182494,6.499854235,6.313908239,6.245532462,3
3/1/2000,5.930216345,5.966926524,6.001546536,6.093818214,6.233808684,6.385821445,6.43380791,6.394638986,6.304840351,6.182134953,5.981031125,5.908551795,3
4/1/2000,5.797876136,5.854861912,5.90877113,6.053417866,6.27684823,6.533198684,6.632599214,6.620460075,6.520365698,6.37096281,6.117650932,6.025725362,3
5/1/2000,5.466132681,5.623562443,5.76397246,6.098886019,6.489834684,6.712686181,6.681284494,6.529345357,6.425763071,6.340865497,6.240427747,6.20693449,3
6/1/2000,5.966901989,5.990015279,6.011842749,6.070192006,6.159431492,6.258801102,6.293488063,6.277566731,6.228086734,6.158206599,6.042160742,6.000223783,3
7/1/2000,6.264575445,6.267389844,6.269839805,6.275198067,6.278492553,6.265383494,6.238792531,6.176656348,6.122014798,6.062695781,5.975748691,5.945177932,3
8/1/2000,6.371025099,6.359531796,6.348298082,6.316092044,6.257882438,6.162410893,6.088861058,5.986791217,5.922568229,5.864481778,5.789143255,5.763471006,3
9/1/2000,6.322269762,6.297155537,6.273244697,6.208216086,6.104193586,5.972724924,5.906313507,5.867504499,5.875953647,5.904524539,5.962745848,5.984578667,3
10/1/2000,6.453457195,6.420096328,6.388270689,6.301356968,6.160871,5.978554921,5.880951317,5.811064877,5.807481646,5.829959405,5.885121341,5.906367836,3
11/1/2000,6.354509805,6.303254054,6.254475713,6.121938422,5.910418391,5.64470026,5.512335284,5.439331137,5.461583374,5.525128143,5.651453658,5.698635619,3
12/1/2000,5.960929172,5.898154995,5.838668825,5.678480277,5.428673662,5.134028798,5.009550983,4.993658112,5.080284712,5.220162057,5.463804514,5.55268806,1
1/1/2001,4.965006582,4.93324406,4.903725149,4.827545914,4.722273476,4.643520127,4.666507883,4.826414144,5.005883163,5.218415596,5.544848614,5.660865934,1
2/1/2001,4.840348164,4.805415555,4.772867853,4.688391178,4.569602125,4.472968163,4.486001357,4.637938583,4.815994481,5.029541823,5.359610003,5.477084435,1
3/1/2001,4.219313093,4.205985231,4.194277827,4.168017852,4.148578283,4.197878943,4.308182862,4.571920238,4.806036509,5.061191513,5.4360266,5.567889372,1
4/1/2001,3.839500828,3.860270295,3.881190576,3.944598846,4.072369985,4.320074962,4.544883253,4.908856917,5.169900625,5.426396414,5.779697717,5.902030705,1
5/1/2001,3.413212104,3.454004152,3.494106736,3.610360802,3.825404551,4.192372084,4.487788172,4.917203343,5.199374199,5.462211973,5.810828706,5.930349434,1
6/1/2001,3.449782161,3.491987387,3.533373725,3.652768432,3.871417726,4.238299376,4.528304641,4.942033044,5.209295886,5.455442239,5.779166101,5.889898832,1
7/1/2001,3.51041723,3.519562379,3.529576238,3.564237497,3.649721934,3.856088463,4.074009728,4.466616138,4.769202214,5.078251705,5.514864887,5.667013966,1
8/1/2001,3.308234256,3.321473722,3.335378844,3.380583854,3.482776634,3.709743164,3.937473041,4.334417122,4.634019176,4.936731757,5.361446959,5.509195193,1
9/1/2001,2.269621516,2.292867681,2.316896942,2.393028239,2.558412133,2.910153223,3.252833714,3.838107958,4.27395383,4.711191576,5.321813538,5.53398733,2
10/1/2001,2.133068576,2.087265919,2.051359933,1.993884206,2.039805824,2.428110708,2.890339999,3.611790934,4.049973557,4.41432239,4.85080789,4.996535984,2
11/1/2001,1.629804048,1.694547176,1.758133263,1.942118664,2.281139549,2.855961693,3.315528503,3.978901262,4.412071422,4.81389486,5.345218542,5.527228196,2
12/1/2001,1.511333041,1.601028964,1.688354166,1.936798671,2.378516599,3.081775589,3.604653896,4.301364324,4.721922358,5.090950994,5.558111055,5.716219307,2
1/1/2002,1.541783569,1.636849913,1.729175695,1.990580536,2.450444422,3.168172508,3.688573979,4.361001766,4.753439588,5.088857997,5.504156405,5.643813536,2
2/1/2002,1.594861807,1.679561339,1.762017324,1.996581535,2.413516315,3.077009124,3.570037454,4.22652471,4.622514272,4.969793295,5.409220599,5.557923567,2
3/1/2002,1.626928562,1.749755985,1.868468095,2.20138086,2.774608187,3.632259751,4.219469859,4.921899487,5.294581552,5.587531831,5.922871815,6.032939372,2
4/1/2002,1.599285757,1.692065057,1.782332525,2.038816614,2.493547511,3.213752149,3.745767706,4.44916447,4.870237083,5.237379886,5.6997163,5.855956906,2
5/1/2002,1.601336198,1.687082155,1.770717893,2.009533265,2.43748534,3.128705864,3.651698987,4.362934894,4.801482456,5.192417047,5.693688056,5.863956649,2
6/1/2002,1.558272897,1.622443865,1.685715671,1.870156069,2.21520184,2.814977561,3.307195179,4.03642404,4.523687328,4.982494149,5.595875266,5.806614272,2
7/1/2002,1.652038769,1.666812737,1.6833676,1.742534763,1.894385269,2.273549886,2.681561436,3.425136585,4.002252818,4.593794025,5.431378848,5.723419206,2
8/1/2002,1.650186534,1.657634618,1.667015167,1.705537316,1.819778695,2.136404497,2.495475573,3.169967682,3.702898635,4.254019423,5.038716477,5.31269134,2
9/1/2002,1.603841056,1.582656661,1.564833202,1.529691648,1.52739615,1.700988026,1.992720044,2.639329093,3.195107652,3.792612859,4.663480269,4.969268137,2
10/1/2002,1.470828834,1.456172318,1.444818615,1.428719713,1.462739147,1.701388071,2.048134936,2.77858278,3.391728026,4.044057022,4.989002856,5.320313465,2
11/1/2002,1.178114695,1.21220019,1.247067216,1.355615998,1.584758057,2.056038356,2.504143748,3.256124709,3.809431657,4.360909929,5.127795634,5.393979883,2
12/1/2002,1.202775277,1.203568528,1.206824866,1.229894794,1.324285016,1.631752845,2.004615319,2.730143803,3.314836842,3.925285966,4.799585272,5.105284602,2
1/1/2003,1.122485136,1.138212164,1.155682939,1.217389458,1.373497836,1.758684714,2.170479415,2.917994453,3.496782545,4.089321906,4.927681598,5.219937047,2
2/1/2003,1.189955477,1.186689709,1.186044801,1.198296096,1.274536354,1.55630261,1.912987911,2.621609709,3.199079879,3.805170772,4.676016391,4.980745958,2
3/1/2003,1.120969195,1.12102502,1.123666172,1.145556918,1.24005837,1.554205265,1.938000759,2.68755721,3.292824078,3.925354901,4.831807132,5.148793704,2
4/1/2003,1.098407136,1.103450954,1.110799872,1.145259736,1.258919843,1.594179104,1.985054166,2.730381369,3.324329439,3.941110079,4.821559256,5.129159983,2
5/1/2003,1.156125325,1.138322508,1.123760106,1.097723339,1.110946395,1.307274639,1.614102721,2.277959201,2.842309187,3.446114515,4.323684573,4.631618101,2
6/1/2003,0.887580463,0.890123373,0.895022225,0.922426727,1.023215008,1.33701547,1.711049617,2.432532221,3.011185503,3.61394709,4.476025678,4.777348783,2
7/1/2003,0.857882026,0.895855335,0.934838401,1.056937002,1.317281368,1.859183185,2.379017527,3.257047466,3.905993832,4.554370545,5.457448649,5.77103194,2
8/1/2003,0.879671734,0.928137508,0.976908429,1.124479257,1.42093071,1.993280231,2.510938633,3.346728956,3.944937156,4.532039153,5.34008574,5.619820905,2
9/1/2003,0.892806128,0.908218525,0.925536922,0.987665443,1.14783166,1.549220033,1.98200032,2.771650617,3.384966419,4.013838587,4.904483871,5.215042242,2
10/1/2003,0.886454727,0.925903724,0.966080237,1.090222435,1.348973909,1.872947865,2.365327119,3.184379689,3.783356728,4.378349713,5.203907579,5.490295214,2
11/1/2003,0.852797601,0.907505329,0.962051662,1.124377842,1.440583832,2.025301857,2.534643502,3.331587226,3.888532205,4.427602943,5.162521329,5.416317274,2
12/1/2003,0.840076539,0.883439734,0.927270322,1.060937821,1.333258366,1.868921639,2.360893574,3.16497875,3.745666034,4.318467406,5.109529548,5.383624382,2
1/1/2004,0.815921543,0.86081002,0.906003892,1.042873746,1.318273371,1.851138948,2.333964317,3.114658934,3.674038864,4.22337264,4.979753744,5.241631049,2
2/1/2004,0.895195565,0.923087567,0.952123632,1.045188089,1.25107226,1.697905725,2.139381685,2.900835857,3.471606764,4.04620519,4.850485233,5.13010959,2
3/1/2004,0.929710303,0.947447962,0.96682004,1.033623608,1.197586996,1.591724518,2.006911252,2.753773099,3.328847937,3.915926096,4.745076151,5.033993059,2
4/1/2004,0.818733108,0.895458522,0.970832833,1.189037879,1.591534049,2.275175516,2.822772231,3.614731776,4.132765721,4.613863303,5.250553583,5.468707747,2
5/1/2004,0.954707286,1.040491267,1.124343685,1.364774013,1.799457643,2.51276429,3.062612162,3.826172137,4.306917313,4.741923461,5.306328009,5.498672414,2
6/1/2004,1.238759728,1.316196805,1.391930775,1.6093073,2.003171279,2.651985187,3.154337618,3.855334164,4.298777161,4.701359087,5.225037701,5.403629521,2
7/1/2004,1.365686497,1.432652935,1.498362093,1.688157217,2.036616211,2.623840123,3.090219013,3.758849742,4.192743628,4.593575856,5.121949619,5.302797309,2
8/1/2004,1.536717756,1.572865885,1.60921484,1.719055416,1.9391883,2.362828267,2.744955089,3.360576558,3.800488997,4.231835446,4.825139331,5.030500403,2
9/1/2004,1.649641965,1.692557636,1.735147489,1.860810925,2.101603397,2.536128606,2.906152226,3.473627197,3.863932887,4.238114983,4.744840327,4.919527726,2
10/1/2004,1.880395749,1.905525175,1.931148404,2.010483456,2.176417015,2.513876643,2.832029049,3.362568272,3.751225236,4.13766475,4.674191425,4.860343382,2
11/1/2004,2.176093106,2.21335512,2.250366952,2.359750526,2.570012917,2.951261585,3.277388242,3.779578421,4.126116818,4.459000919,4.910430513,5.066112283,2
12/1/2004,2.15962655,2.202680563,2.245005305,2.367692556,2.594603353,2.981728655,3.293292434,3.746063082,4.043512295,4.320539765,4.687936005,4.813891366,2
1/1/2005,2.370020547,2.416838972,2.462410494,2.592011145,2.822229273,3.188160839,3.459684285,3.82060531,4.037910621,4.228219395,4.468748093,4.550116654,2
2/1/2005,2.671938426,2.719620242,2.765921258,2.896980027,3.127403942,3.486634249,3.746724607,4.082184697,4.277559306,4.444269277,4.650384212,4.719667522,2
3/1/2005,2.746071623,2.803073749,2.858161856,3.012625963,3.278499037,3.676014486,3.947910091,4.27268721,4.444666578,4.579599738,4.733763419,4.784332667,2
4/1/2005,2.863151819,2.901983972,2.939675634,3.046275976,3.233352088,3.52397381,3.733425258,4.002001319,4.157380946,4.289247585,4.451515566,4.505984336,2
5/1/2005,2.949275557,2.979286726,3.008458056,3.091192805,3.237287931,3.466935568,3.634972643,3.854581305,3.984390303,4.096466204,4.236439627,4.283629134,2
6/1/2005,3.130785281,3.15378327,3.176142729,3.239586003,3.351724818,3.528319782,3.657837937,3.827590281,3.928246387,4.015366677,4.124400105,4.161181002,2
7/1/2005,3.405747274,3.437763185,3.468629777,3.554762135,3.701386871,3.915647006,4.057347901,4.218249537,4.297469287,4.355097716,4.415662498,4.434964946,1
8/1/2005,3.552818049,3.563947202,3.574865349,3.606390108,3.664225539,3.761566676,3.838769071,3.94929276,4.020920202,4.087031407,4.174120838,4.203923777,1
9/1/2005,3.489763204,3.52747521,3.563653631,3.663599509,3.829762099,4.060339206,4.200599302,4.338063102,4.389328906,4.413264888,4.421626154,4.422338834,1
10/1/2005,3.977754252,3.99931391,4.020124395,4.078334563,4.1779751,4.325264481,4.424360526,4.539889757,4.599033249,4.643898572,4.693365106,4.709399568,1
11/1/2005,4.081708259,4.096454317,4.110743657,4.151025344,4.221204592,4.32869918,4.404733059,4.499878706,4.553355793,4.597654756,4.650996653,4.668785868,1
12/1/2005,4.149796851,4.161807533,4.173349611,4.205347334,4.258989418,4.334828058,4.382436614,4.431956004,4.452918542,4.465386087,4.474991481,4.477646264,1
1/1/2006,4.499249978,4.496944199,4.49486823,4.489900492,4.484696511,4.487096985,4.498688414,4.529680958,4.558364466,4.5901545,4.637299464,4.653921442,1
2/1/2006,4.609149741,4.614467188,4.619445569,4.632506001,4.65146108,4.669077182,4.670646058,4.654458662,4.63296025,4.606312219,4.564464645,4.549518592,1
3/1/2006,4.698565465,4.703872571,4.709038906,4.723734606,4.749851848,4.791401467,4.822264885,4.86334289,4.888109435,4.909821825,4.937287504,4.946581169,1
4/1/2006,4.763631878,4.76659936,4.76968828,4.779587214,4.80148135,4.848986617,4.895914286,4.976845192,5.037504653,5.098568355,5.184038473,5.213753702,1
5/1/2006,4.900359242,4.905923022,4.911386239,4.927187748,4.95628074,5.005541678,5.044867519,5.101547869,5.138508464,5.17276331,5.21802723,5.233529959,1
6/1/2006,4.91209265,4.926896965,4.941033631,4.979717222,5.042556074,5.125113822,5.170446821,5.205406247,5.210183549,5.203539747,5.18383463,5.176075606,1
7/1/2006,5.138332026,5.124854858,5.112115217,5.077989531,5.025509439,4.966085341,4.944047488,4.949790937,4.975783225,5.013541671,5.076924778,5.099880345,1
8/1/2006,5.165089369,5.13743,5.111166527,5.040140592,4.928146197,4.791910558,4.729227966,4.706918257,4.732725167,4.781437512,4.870274661,4.902963195,1
9/1/2006,4.879639048,4.865867207,4.852796269,4.817481197,4.76193219,4.694811681,4.664472296,4.655065284,4.669288679,4.694978876,4.741269475,4.758265004,1
10/1/2006,5.217009182,5.181575703,5.147850828,5.056192804,4.909819981,4.725636119,4.6335311,4.58189041,4.596326706,4.639266116,4.725177725,4.75729903,1
11/1/2006,5.214892888,5.174451617,5.135905056,5.030827802,4.861751297,4.644821962,4.531491702,4.45651785,4.460044414,4.495518154,4.574175405,4.604053471,1
12/1/2006,4.993446123,4.980124792,4.967441719,4.93294817,4.877769628,4.808028364,4.772793976,4.75219329,4.756662665,4.771804656,4.802668539,4.81424287,1
1/1/2007,5.140594947,5.124368197,5.108931682,5.06702229,5.000274278,4.916870772,4.875844535,4.854448564,4.862879115,4.884444746,4.92651307,4.942176,1
2/1/2007,5.27088348,5.2281453,5.187480153,5.077029083,4.900925417,4.680250748,4.570966138,4.512211762,4.532476784,4.587249612,4.695144739,4.735382085,1
3/1/2007,5.145989749,5.1069318,5.069915931,4.970215792,4.814651462,4.630873883,4.552873729,4.541910103,4.594940687,4.681064587,4.831357864,4.886206212,1
4/1/2007,4.98698938,4.958868875,4.932233604,4.86057866,4.749123611,4.618628681,4.564694742,4.56114543,4.602834217,4.66850745,4.781968747,4.823295479,1
5/1/2007,4.842146952,4.842739425,4.843406192,4.845803102,4.85199741,4.867551509,4.88433997,4.914991746,4.938807934,4.963232936,4.997829261,5.009892989,1
6/1/2007,4.654205321,4.667081799,4.679526603,4.714425045,4.774509589,4.864390205,4.92591264,4.999478618,5.038489812,5.069139771,5.104207118,5.115715277,1
7/1/2007,5.107002791,5.06974514,5.034524578,4.9401689,4.795021852,4.630524918,4.569333631,4.584688616,4.656122121,4.760064139,4.934654451,4.997894003,1
8/1/2007,4.111763651,4.105323806,4.099716307,4.087442617,4.079847756,4.109655541,4.170270501,4.312000039,4.436666926,4.572020323,4.770427489,4.840188849,1
9/1/2007,3.766069395,3.77492387,3.783976363,3.812132325,3.87147494,3.993294026,4.108958021,4.302853518,4.44541763,4.587453924,4.784917617,4.85345224,1
10/1/2007,4.048853866,4.034756484,4.021938688,3.990512109,3.954125524,3.953587654,4.005859433,4.159015007,4.305042679,4.468739654,4.71303404,4.799291346,1
11/1/2007,3.47177733,3.433033363,3.397151534,3.305281516,3.181437075,3.100578654,3.147205377,3.37856813,3.626808387,3.916702439,4.358806186,4.515683372,2
12/1/2007,3.238261671,3.219099433,3.201846626,3.1605587,3.117296112,3.137196188,3.233467023,3.490914099,3.729194438,3.993287377,4.384944993,4.523032774,2
1/1/2008,1.898680294,1.897177531,1.897382331,1.907234285,1.960586416,2.151068382,2.389550831,2.86087592,3.243907607,3.645401758,4.221823564,4.423488611,2
2/1/2008,2.05076654,1.991184369,1.93746426,1.808108553,1.666318821,1.68536235,1.905784422,2.486153082,2.992996877,3.520814086,4.252339875,4.503891135,2
3/1/2008,1.389651259,1.382217433,1.377139713,1.374695789,1.416753297,1.62037273,1.897182529,2.464855406,2.935096725,3.432397142,4.150200463,4.401654947,2
4/1/2008,1.343216845,1.382527113,1.421648846,1.537678675,1.762245436,2.173594772,2.528825447,3.080455514,3.463677121,3.833289476,4.335945976,4.509421891,2
5/1/2008,1.903261225,1.933028594,1.962957557,2.053377612,2.234515476,2.582916926,2.897030969,3.402889045,3.764264522,4.118546126,4.60579635,4.774444191,2
6/1/2008,1.815348065,1.85518428,1.894539278,2.009683384,2.226685363,2.608349684,2.925319467,3.400301245,3.720786977,4.024419592,4.432157614,4.572409332,2
7/1/2008,1.656570473,1.696609183,1.736294217,1.853115865,2.075955807,2.475324151,2.813174602,3.328214383,3.680730841,4.017680146,4.473025586,4.629913928,2
8/1/2008,1.731841117,1.757799118,1.784067446,1.864339858,2.028468297,2.352829598,2.651860026,3.142043843,3.496796225,3.847150198,4.331392103,4.49921129,2
9/1/2008,1.083330602,1.131311639,1.178742641,1.317677323,1.580124177,2.043408862,2.429569176,3.010228194,3.403155784,3.776096541,4.277558475,4.450108225,2
10/1/2008,0.389490926,0.450414339,0.510640269,0.687058828,1.020331402,1.608693632,2.099152787,2.83670447,3.335834981,3.809597116,4.446644915,4.665850674,2
11/1/2008,0.116513086,0.15751047,0.198453379,0.320657417,0.560040072,1.006282667,1.397831608,2.014302399,2.447217407,2.867439058,3.441464042,3.639798866,0
12/1/2008,0.093721617,0.120322449,0.147242171,0.22950984,0.397734745,0.730234962,1.036800651,1.539377449,1.903120098,2.262364667,2.758905638,2.930988162,0
1/1/2009,0.19535655,0.220158245,0.245865193,0.327676983,0.506668497,0.890405857,1.266357456,1.910996103,2.392321092,2.875867143,3.551784284,3.786700842,0
2/1/2009,0.219245638,0.253112915,0.287455278,0.392776189,0.609470932,1.041177136,1.441727477,2.101597972,2.580860598,3.055125413,3.711505315,3.939058054,0
3/1/2009,0.241607258,0.257404308,0.274512521,0.332793677,0.473557089,0.8070568,1.155407537,1.778728947,2.257105078,2.744647151,3.432485284,3.672098657,0
4/1/2009,0.0749906,0.10809251,0.141967635,0.247503704,0.470552066,0.929959211,1.367244074,2.101647882,2.642317635,3.181361685,3.931104296,4.191351213,0
5/1/2009,0.153162791,0.164051382,0.178730448,0.242412205,0.434940743,0.944959638,1.476425113,2.358195643,2.962190156,3.515008583,4.218400514,4.455574166,0
6/1/2009,0.161671747,0.186926487,0.215207938,0.315364993,0.56354911,1.132401848,1.678225719,2.531650122,3.089992966,3.586939359,4.208123396,4.416872802,0
7/1/2009,0.12188191,0.145741224,0.172913038,0.271178995,0.520073406,1.097859482,1.653267712,2.517568535,3.078687356,3.574867404,4.192214063,4.399488099,0
8/1/2009,0.111321698,0.126951317,0.146393505,0.224185843,0.442165134,0.984807207,1.524668812,2.380592554,2.942077872,3.440694941,4.062189507,4.270902927,0
9/1/2009,0.066815746,0.085660978,0.107929581,0.192149478,0.415867286,0.953818675,1.480674581,2.309859375,2.852087591,3.333268398,3.933048438,4.134480851,0
10/1/2009,0.013371762,0.032943394,0.055822721,0.141404617,0.367200236,0.91293225,1.454880657,2.325910826,2.909002737,3.435610423,4.100085287,4.323778484,0
11/1/2009,0.074834138,0.077506193,0.083746632,0.121316419,0.261694628,0.684596957,1.161194641,2.00907045,2.628624348,3.22310214,4.007506271,4.274313376,0
12/1/2009,0.016550894,0.046057162,0.079039663,0.195464999,0.482148543,1.132185127,1.748094624,2.696514446,3.307307252,3.844899774,4.51196432,4.735830358,0
1/1/2010,0.05791225,0.05885929,0.065062833,0.110896026,0.292915864,0.833007772,1.413246731,2.373852689,3.021338349,3.604148394,4.335813558,4.581805533,0
2/1/2010,0.108725581,0.110705366,0.117272253,0.160933937,0.329253728,0.831691788,1.382776311,2.323844555,2.980324509,3.586942091,4.363122034,4.625113213,0
3/1/2010,0.146103329,0.152505884,0.164025653,0.224933538,0.433031389,1.009940867,1.610892214,2.585678294,3.232721262,3.809849859,4.530400863,4.772422733,0
4/1/2010,0.16596303,0.164738867,0.169311169,0.212847141,0.397511549,0.950076346,1.536133566,2.483658678,3.105361051,3.653942656,4.333612982,4.561581832,0
5/1/2010,0.14254446,0.14874367,0.158294816,0.204584631,0.357663841,0.792026347,1.268608567,2.102262885,2.704021503,3.277007252,4.028810757,4.284174942,0
6/1/2010,0.178741342,0.177414938,0.179163012,0.200823832,0.302320158,0.640476806,1.042838249,1.793482071,2.366995788,2.936677494,3.711338838,3.977142409,0
7/1/2010,0.157137399,0.155316363,0.156097877,0.172517872,0.256596852,0.552100826,0.920154451,1.645753912,2.234646457,2.851539466,3.736871959,4.046582929,0
8/1/2010,0.17857325,0.171031199,0.166061081,0.165106875,0.214388871,0.44298672,0.750735827,1.37924161,1.898784158,2.447695195,3.239537016,3.516889396,0
9/1/2010,0.208663178,0.192302631,0.179098335,0.156669555,0.175318063,0.377370563,0.68578076,1.347506102,1.90784975,2.506334317,3.375286978,3.680122399,0
10/1/2010,0.195426989,0.175841973,0.159304649,0.126458237,0.124063872,0.291945747,0.583476888,1.259565802,1.87157959,2.562868996,3.630340348,4.014968881,0
11/1/2010,0.228106945,0.210338947,0.196079246,0.172397578,0.195583423,0.424782982,0.771661383,1.513631567,2.14101242,2.810665011,3.782577945,4.123501499,0
12/1/2010,0.123046812,0.116960192,0.115053041,0.131528399,0.242287404,0.640198551,1.117219866,1.992732391,2.644157279,3.274936873,4.11190421,4.396935175,0
1/1/2011,0.200351539,0.176834555,0.158933975,0.135175436,0.193614513,0.558337719,1.049092973,1.98843357,2.698237546,3.387283993,4.300009995,4.610528741,0
2/1/2011,0.160362588,0.147481137,0.13995696,0.145624795,0.254470886,0.685690399,1.204692647,2.133795808,2.800631159,3.425924394,4.232989046,4.505861318,0
3/1/2011,0.053213579,0.065802994,0.081524117,0.145126412,0.328369256,0.810656588,1.324685512,2.214606329,2.856209652,3.468905626,4.276082838,4.550620088,0
4/1/2011,0.044231842,0.043119392,0.045731648,0.073382855,0.19834584,0.606838636,1.086050862,1.966051341,2.627313701,3.275116177,4.144841116,4.442095983,0
5/1/2011,0.058798143,0.056596837,0.057225972,0.074423133,0.164564502,0.483505279,0.881635192,1.667366585,2.305425279,2.97400157,3.933663835,4.269390511,0
6/1/2011,0.039737951,0.035854404,0.035195015,0.050608602,0.144412059,0.486656901,0.91474302,1.752390641,2.423502682,3.117102759,4.097402715,4.438247655,0
7/1/2011,0.198452683,0.173684537,0.152847264,0.111772345,0.109138413,0.312262828,0.653550019,1.409942182,2.060061806,2.758981403,3.777652726,4.135338331,0
8/1/2011,0.081016333,0.062097288,0.045928229,0.012582162,0.003391963,0.143555216,0.399717463,1.00748979,1.566831479,2.206838422,3.209462172,3.573186771,0
9/1/2011,0.072781322,0.059551084,0.04887634,0.030765277,0.045959972,0.209733607,0.459599816,0.995623789,1.449488953,1.934230528,2.638022865,2.884917533,0
10/1/2011,0.073352672,0.057222435,0.043992903,0.020105911,0.030801812,0.204407313,0.477179921,1.068452069,1.571531534,2.1099873,2.892753239,3.167435326,0
11/1/2011,0.071098568,0.056159111,0.043978224,0.022459664,0.034988763,0.204510317,0.467819974,1.036294583,1.519075623,2.035381169,2.785584125,3.048808989,0
12/1/2011,0.079315821,0.064035098,0.051273785,0.026762189,0.029069731,0.169628164,0.402053957,0.920179801,1.371089288,1.862486424,2.590386914,2.847753925,0
1/1/2012,0.107909099,0.093464007,0.081039397,0.054949747,0.045538925,0.146851685,0.339167471,0.808113261,1.25137886,1.771369997,2.611875557,2.921806002,0
2/1/2012,0.131773412,0.121327664,0.112815866,0.097951336,0.108749758,0.242274835,0.457542459,0.952516186,1.405720404,1.927294843,2.755258717,3.058102183,0
3/1/2012,0.133596711,0.118972781,0.107054688,0.086086059,0.099202782,0.270786414,0.539669082,1.12936608,1.639647561,2.195200009,3.018944313,3.310446301,0
4/1/2012,0.151615433,0.138582934,0.127524432,0.105279236,0.102609442,0.214831016,0.416091042,0.900236156,1.356694082,1.893188973,2.76473259,3.087197599,0
5/1/2012,0.127583239,0.11727927,0.108535258,0.09095848,0.089057684,0.179598502,0.342798228,0.739370638,1.117934058,1.568604399,2.313580052,2.591979461,0
6/1/2012,0.141067247,0.132827844,0.126073262,0.114044104,0.121587893,0.226043979,0.398740977,0.807211139,1.193114827,1.651185111,2.408720397,2.692211065,0
7/1/2012,0.160002127,0.145306364,0.132354562,0.103183558,0.082122698,0.146392866,0.293839448,0.67495438,1.047130043,1.493229808,2.230857447,2.505933063,0
8/1/2012,0.161938118,0.146700318,0.133221205,0.102568649,0.07907753,0.140952853,0.28928233,0.67969735,1.066598739,1.536421446,2.326408693,2.623833087,0
9/1/2012,0.156794486,0.141929911,0.12882671,0.099326183,0.078304768,0.146035087,0.301509413,0.708951086,1.114058869,1.608967557,2.449399751,2.767826089,0
10/1/2012,0.164555128,0.152839745,0.142805305,0.122036397,0.116424059,0.207555846,0.378191016,0.798658011,1.203332936,1.687761512,2.493347935,2.795331855,0
11/1/2012,0.16591926,0.151781985,0.139334431,0.111406765,0.09204372,0.159032094,0.310841012,0.708580317,1.105019104,1.591002385,2.42069513,2.736125781,0
12/1/2012,0.103860144,0.093473682,0.084768819,0.067987345,0.070302134,0.17682032,0.361863869,0.807449325,1.232228138,1.738886881,2.580216381,2.895616643,0
1/1/2013,0.108900862,0.098355677,0.089761528,0.074755104,0.085753511,0.221544713,0.441176828,0.948740063,1.416269122,1.957583855,2.823686386,3.141828028,0
2/1/2013,0.152439965,0.137805507,0.125162244,0.098279399,0.086952257,0.184752898,0.375570256,0.848820105,1.303210169,1.844003168,2.734525344,3.066284195,0
3/1/2013,0.118052836,0.105330584,0.094490171,0.072412008,0.068392866,0.174342523,0.368273475,0.841877873,1.295046817,1.835183175,2.72890662,3.063021635,0
4/1/2013,0.101336686,0.088856832,0.078125786,0.055648249,0.048120487,0.139934298,0.315115899,0.749780024,1.169882721,1.674275523,2.515868231,2.831912096,0
5/1/2013,0.066523776,0.060093053,0.055655834,0.053283364,0.089602658,0.272414299,0.530661533,1.088321343,1.578421947,2.126665967,2.971753936,3.276695343,0
6/1/2013,0.039693842,0.038469375,0.039562361,0.055371676,0.132577994,0.400097059,0.731702805,1.383940073,1.912638759,2.46615322,3.260246468,3.538015741,0
7/1/2013,0.045999084,0.039250596,0.035217408,0.037842168,0.09701844,0.351768386,0.688505675,1.370767775,1.93246754,2.524814039,3.378358069,3.677241418,0
8/1/2013,0.049132227,0.035431058,0.026097846,0.02129871,0.093119723,0.42283839,0.840301599,1.616855125,2.193358261,2.747355785,3.476067533,3.723574801,0
9/1/2013,0.028392849,0.022464972,0.019254415,0.024351363,0.088432438,0.352491591,0.697527196,1.393029269,1.964121667,2.56563954,3.43176273,3.734996943,0
10/1/2013,0.057819541,0.047720754,0.040509673,0.03455921,0.080291062,0.318942482,0.648580198,1.329103056,1.89470653,2.493766298,3.359235872,3.662486078,0
11/1/2013,0.095829169,0.078947947,0.065630455,0.04500942,0.074664385,0.314554241,0.66635256,1.402101517,2.011578929,2.651042664,3.562794277,3.880442382,0
12/1/2013,0.095195556,0.069225641,0.049162726,0.020243772,0.071466648,0.420558202,0.885359452,1.749534501,2.379976106,2.974204071,3.742296884,4.002002082,0
1/1/2014,0.049698153,0.036244334,0.026678083,0.018776579,0.07706103,0.369364935,0.753253256,1.492804633,2.061295352,2.622988603,3.379681917,3.638397458,0
2/1/2014,0.071248417,0.056502042,0.045754794,0.0348915,0.089216327,0.377765127,0.759702375,1.495031109,2.058217036,2.612402159,3.355937097,3.609834059,0
3/1/2014,0.070935899,0.051547621,0.03791465,0.027064118,0.107133359,0.480569436,0.932356131,1.714834056,2.251389224,2.735899586,3.343800452,3.548103089,0
4/1/2014,0.066526448,0.041898662,0.023754468,0.003020808,0.074674785,0.450457243,0.907605551,1.687429157,2.210980519,2.675992063,3.253008089,3.44655087,0
5/1/2014,0.067876473,0.051174157,0.039200253,0.028179302,0.092006144,0.407959281,0.803697812,1.515708208,2.023065608,2.494286336,3.097284054,3.300736529,0
6/1/2014,0.037975002,0.030202135,0.026616216,0.037781732,0.13472292,0.485715657,0.892577394,1.598886846,2.091952646,2.54527044,3.122047458,3.31645369,0
7/1/2014,0.012528432,0.008476863,0.009004821,0.034201985,0.162316052,0.567461518,1.005430702,1.71992015,2.190958221,2.607400399,3.123780285,3.296997436,0
8/1/2014,0.039648044,0.025035917,0.016104149,0.018456983,0.118298107,0.498398439,0.921009793,1.600573184,2.036124451,2.412487232,2.872475938,3.026423682,0
9/1/2014,0.029242073,0.015416121,0.008148174,0.019564696,0.147840679,0.589021164,1.054062534,1.765901032,2.202427796,2.569833946,3.012950808,3.161007099,0
10/1/2014,-0.083758578,-0.055278245,-0.026368332,0.062452786,0.245774985,0.612459462,0.95375444,1.517371289,1.927433027,2.333609118,2.896115554,3.091156249,0
11/1/2014,-0.045370988,-0.021595753,0.002722258,0.078417151,0.23816195,0.566602506,0.878814604,1.40265218,1.788042409,2.172132237,2.706223076,2.891602616,0
12/1/2014,-0.062501765,-0.020583647,0.020750881,0.141263717,0.366793651,0.759039316,1.081126864,1.558568684,1.87774254,2.178367653,2.580363448,2.718485011,0
1/1/2015,-0.033923315,-0.010127336,0.013773032,0.085846363,0.229744689,0.505249985,0.7526775,1.149880911,1.432966236,1.710119163,2.090942649,2.222722787,0
2/1/2015,-0.067616423,-0.030620234,0.005982972,0.113371297,0.316867018,0.67786151,0.980228033,1.43696436,1.74721459,2.042382256,2.439942649,2.576801738,0
3/1/2015,-0.003905403,0.023689036,0.051343167,0.134405681,0.299038783,0.611080388,0.888907454,1.331744862,1.645666589,1.95206146,2.372179138,2.51747788,0
4/1/2015,-0.049410572,-0.020754912,0.008054407,0.095081616,0.269385388,0.604544803,0.906646084,1.393061824,1.740496757,2.081082698,2.549470173,2.711586823,0
5/1/2015,-0.042683258,-0.014002804,0.014909866,0.102671345,0.279982582,0.624942663,0.938930936,1.448478582,1.814555976,2.17460598,2.670870679,2.842734648,0
6/1/2015,-0.040069951,-0.008412999,0.023463418,0.120023264,0.314393801,0.690685362,1.031797036,1.583554583,1.979005369,2.367414389,2.902273362,3.087459368,0
7/1/2015,0.010211814,0.04067041,0.071240385,0.163306614,0.346684886,0.696631845,1.010039835,1.512015967,1.869161109,2.218478192,2.698138188,2.864091165,0
8/1/2015,0.036302177,0.068902748,0.101481223,0.198834567,0.389961514,0.747381424,1.061882014,1.558237385,1.907449266,2.246791505,2.710682936,2.870995989,0
9/1/2015,-0.016009236,0.009830076,0.035992223,0.116014622,0.279899899,0.604467037,0.904194699,1.396170311,1.752557836,2.104714017,2.591620344,2.760378248,0
10/1/2015,0.027454106,0.059265634,0.091074164,0.1862272,0.37340436,0.724424537,1.034064756,1.523782004,1.868883009,2.204549113,2.663714989,2.822421762,0
11/1/2015,0.163149456,0.1991137,0.234770994,0.339794702,0.540348764,0.900377934,1.205438953,1.671175316,1.990329193,2.295613351,2.708381724,2.850619613,0
12/1/2015,0.173535486,0.216994211,0.259729398,0.383675699,0.613178032,1.005469011,1.321827671,1.782500002,2.085689514,2.368398153,2.743657774,2.872339259,0
1/1/2016,0.295733432,0.308910724,0.322830196,0.368492198,0.473106409,0.708666537,0.947134445,1.365280769,1.682104649,2.002864925,2.453487351,2.610299088,0
2/1/2016,0.348843094,0.361340878,0.374309579,0.415704268,0.507038625,0.706835154,0.908197298,1.267643913,1.549245503,1.845257168,2.281015021,2.435910376,0
3/1/2016,0.263320665,0.276500815,0.290329897,0.335216909,0.436451278,0.660734414,0.885406884,1.276592967,1.57163874,1.869636099,2.287634639,2.433037508,0
4/1/2016,0.246729005,0.263369958,0.28050998,0.334492257,0.450642774,0.694978902,0.931169892,1.332327702,1.629943384,1.927906302,2.343474824,2.487824979,0
5/1/2016,0.350333857,0.368982114,0.387928812,0.446231019,0.566891278,0.809069074,1.035085262,1.409098613,1.681611486,1.951761229,2.326089411,2.455899959,0
6/1/2016,0.281569841,0.285473513,0.290333124,0.31004515,0.367848448,0.526897215,0.706657827,1.043693207,1.309703926,1.584647851,1.975989339,2.112614073,0
7/1/2016,0.281508909,0.291523982,0.302076821,0.336560012,0.415111063,0.590951938,0.768293258,1.078475628,1.313116217,1.550470938,1.883738717,1.9996965,0
8/1/2016,0.333495916,0.35081839,0.368283549,0.421310316,0.528491631,0.737136056,0.927139625,1.235601112,1.457273741,1.675331587,1.975917984,2.080018484,0
9/1/2016,0.307007785,0.321293362,0.335963556,0.38193698,0.480051501,0.684490679,0.880756028,1.212445468,1.457689195,1.702768689,2.044169325,2.162720794,0
10/1/2016,0.33226567,0.350486945,0.369027536,0.426227647,0.545134519,0.785127624,1.010076428,1.383550534,1.656304432,1.927041697,2.302505583,2.432738328,0
11/1/2016,0.415693898,0.450241657,0.484454619,0.585006302,0.776206661,1.117212626,1.404338427,1.840166189,2.137409677,2.420908316,2.803429882,2.935173403,0
12/1/2016,0.440499698,0.478777184,0.516525873,0.626606551,0.832698563,1.1913753,1.48609797,1.923262706,2.215676427,2.491195714,2.859716287,2.98634491,0
1/1/2017,0.474765222,0.509840112,0.54454402,0.646368794,0.839354485,1.181794715,1.468694586,1.902172462,2.196682931,2.476910903,2.854382613,2.98432927,0
2/1/2017,0.455032964,0.494405677,0.533106648,0.645263064,0.85259622,1.206035348,1.49024362,1.902902734,2.17378995,2.42595064,2.760242212,2.874836601,0
3/1/2017,0.748259748,0.771957919,0.795730206,0.86725652,1.009476261,1.280229778,1.522216061,1.909143946,2.184085539,2.452804193,2.821607661,2.949190087,0
4/1/2017,0.78581255,0.805210487,0.824837142,0.884796486,1.007330671,1.24933377,1.472321703,1.83770497,2.102060208,2.363094997,2.723844683,2.848862821,0
5/1/2017,0.964172472,0.9727786,0.982057406,1.013458745,1.08862912,1.265268331,1.448875466,1.776399539,2.027277993,2.282710655,2.64285544,2.768294832,0
6/1/2017,0.964704246,0.983145344,1.001699611,1.057825219,1.170517139,1.38793814,1.584470044,1.901634803,2.128563958,2.351236216,2.657666111,2.763744514,0
7/1/2017,1.053567562,1.061696983,1.070504863,1.100528497,1.173102882,1.345177503,1.524994815,1.846841283,2.093889712,2.345694257,2.700967449,2.824731178,0
8/1/2017,1.017413777,1.025139294,1.033459994,1.061575437,1.128738535,1.286252754,1.449788286,1.741290072,1.964471552,2.191649824,2.511908529,2.62345124,0
9/1/2017,1.042247575,1.060069067,1.077996268,1.132205372,1.240977714,1.450650012,1.64003644,1.945485584,2.163934725,2.378231405,2.67308434,2.775150566,0
10/1/2017,1.104528625,1.126941059,1.149166021,1.214647446,1.339769023,1.56459707,1.755272597,2.046618157,2.246402914,2.437584509,2.696152752,2.785260886,0
11/1/2017,1.241923946,1.269295729,1.296081241,1.373049768,1.512842323,1.744086933,1.923985804,2.176323037,2.336746172,2.482892066,2.673507387,2.738561324,0
12/1/2017,1.362831422,1.391055077,1.418510071,1.496494772,1.63465887,1.853194006,2.01435875,2.227013908,2.354039341,2.464611133,2.603658608,2.65062912,0
1/1/2018,1.440402084,1.482066054,1.522306476,1.635000995,1.828438424,2.116012488,2.31110637,2.541381567,2.661341877,2.753965292,2.858045157,2.891999271,2
2/1/2018,1.596402409,1.636051338,1.67440593,1.782157291,1.968438074,2.249424313,2.444030973,2.68064999,2.808926398,2.911824993,3.032016523,3.071723104,2
3/1/2018,1.703272397,1.73642194,1.768466847,1.858366433,2.013292946,2.24549395,2.40486903,2.596193432,2.698186983,2.778725632,2.871343622,2.901788728,2
4/1/2018,1.766031201,1.810504698,1.853285309,1.972122614,2.172289963,2.458234275,2.640787498,2.836391936,2.923899988,2.980398623,3.030774803,3.045783791,2
5/1/2018,1.857268129,1.890889745,1.923309228,2.01380199,2.167956356,2.393548017,2.543071587,2.713441521,2.797763894,2.859463029,2.924757059,2.94561919,2
6/1/2018,1.869679081,1.909567624,1.947871878,2.053903774,2.231033508,2.479503165,2.633462747,2.789808666,2.852875418,2.887433946,2.909521341,2.914906477,2
7/1/2018,1.994426367,2.034735916,2.073425275,2.180415131,2.358715753,2.607481907,2.760223231,2.912664949,2.971911536,3.002146621,3.017748411,3.020840819,2
8/1/2018,2.067046618,2.098963757,2.1296394,2.214701699,2.357387286,2.559377785,2.686451435,2.819135825,2.875723316,2.909776025,2.936621987,2.944138625,2
9/1/2018,2.170047047,2.206681892,2.241856267,2.339193695,2.501677867,2.729223586,2.869822438,3.011847962,3.068504594,3.098921303,3.117311179,3.121594063,2
10/1/2018,2.287974616,2.318514012,2.347976154,2.4302964,2.570853341,2.777543625,2.915534969,3.074535705,3.154559704,3.214189253,3.278637557,3.299384664,2
11/1/2018,2.374927211,2.394056595,2.412631484,2.465206236,2.557630154,2.701684382,2.80595043,2.94037846,3.018635587,3.085387164,3.167891026,3.195621271,2
12/1/2018,2.515063992,2.506508126,2.498701641,2.479399812,2.456325074,2.452698314,2.480388442,2.565459344,2.647720402,2.740418004,2.879150021,2.928166827,2
1/1/2019,2.476441645,2.46597609,2.456367253,2.432253673,2.401845758,2.390142144,2.41512935,2.501834183,2.588440625,2.687180735,2.835886033,2.88850251,2
2/1/2019,2.498812457,2.490633666,2.483240217,2.465368734,2.445823851,2.450723152,2.487419573,2.588719365,2.683489716,2.7889646,2.945748568,3.0010561,2
3/1/2019,2.488223775,2.464771074,2.442788656,2.384973882,2.300455344,2.219706903,2.209056311,2.27316243,2.362095105,2.473474691,2.649227592,2.712064237,2
4/1/2019,2.49652052,2.47256545,2.450188003,2.391772105,2.308205842,2.234925626,2.235290165,2.322733616,2.431309916,2.563614266,2.769700375,2.843174117,2
5/1/2019,2.440681887,2.401146993,2.363884668,2.264694277,2.114717809,1.953624258,1.905143193,1.95357301,2.055326505,2.192746442,2.416881026,2.49757993,2
6/1/2019,2.217313476,2.176176727,2.137505522,2.035143991,1.882766109,1.727381518,1.691893176,1.771504403,1.900978612,2.068629045,2.337189369,2.433518052,2
7/1/2019,2.129058039,2.102406708,2.077436067,2.011819164,1.916133352,1.825570162,1.814931675,1.890642349,1.994015111,2.123000501,2.326184888,2.398801985,2
8/1/2019,2.107608075,2.059394537,2.013756869,1.891149036,1.701126171,1.480952351,1.392837445,1.395262852,1.473613153,1.593395692,1.798223793,1.872680028,0
9/1/2019,1.942916603,1.912493369,1.883839488,1.807682286,1.693019522,1.571545162,1.537283437,1.580501739,1.663609435,1.774380288,1.954055778,2.018672893,0
10/1/2019,1.621125564,1.60306663,1.586313748,1.543256836,1.484511219,1.443424654,1.461004578,1.560731471,1.669886023,1.798160173,1.994414628,2.064104476,0
11/1/2019,1.645560036,1.633142445,1.621732637,1.593048024,1.556650378,1.541704932,1.570058411,1.670406888,1.771125067,1.886147954,2.059531165,2.120892063,0
12/1/2019,1.562796477,1.554226735,1.546619906,1.529070804,1.513692458,1.535808073,1.595017116,1.741711613,1.873762986,2.018508201,2.231840077,2.306945555,0
1/1/2020,1.621426773,1.592147537,1.564705486,1.492541028,1.387084228,1.286472354,1.2734172,1.353921374,1.465329214,1.604777812,1.824764916,1.903412078,0
2/1/2020,1.38647418,1.340755601,1.297757066,1.183825447,1.013742959,0.838612214,0.796189366,0.878842675,1.01803336,1.199440107,1.490866639,1.595460386,0
3/1/2020,0.143084704,0.133517907,0.125191862,0.106994225,0.09586636,0.140663021,0.231340279,0.443119007,0.629313352,0.831428024,1.127662907,1.23181835,0
4/1/2020,0.137292153,0.127237324,0.118405586,0.098599388,0.083954989,0.121219179,0.204521277,0.403659321,0.58041808,0.773055068,1.056043036,1.155594598,0
5/1/2020,0.19610232,0.180456858,0.166162216,0.130768986,0.088753085,0.086642783,0.14889789,0.344369089,0.544145327,0.783346056,1.169479884,1.310875505,0
6/1/2020,0.201260996,0.184846539,0.169819314,0.132432844,0.087237211,0.081214079,0.141721931,0.336989875,0.538252018,0.7800779,1.17137439,1.314772903,0
7/1/2020,0.147064248,0.128585504,0.111753645,0.070304586,0.021502457,0.017112337,0.081125247,0.273080636,0.457385749,0.664531013,0.974105782,1.083448797,0
8/1/2020,0.156448554,0.139440714,0.123947343,0.085853219,0.04177871,0.044459864,0.117644066,0.339159228,0.561749566,0.825269736,1.245597663,1.398651336,0
9/1/2020,0.144569241,0.128303635,0.113503243,0.07721371,0.03568476,0.040358243,0.112984758,0.330139418,0.547450117,0.804251691,1.21332661,1.362214574,0
10/1/2020,0.13771,0.122665151,0.109171782,0.07725764,0.046031747,0.074434773,0.171260706,0.430538332,0.679088759,0.966526269,1.416357978,1.578956864,0
11/1/2020,0.131132018,0.114830598,0.100255507,0.066009989,0.033206802,0.06468674,0.166227593,0.428621532,0.671083437,0.941943316,1.348831867,1.493170601,0
12/1/2020,0.135741698,0.117091946,0.100354968,0.060651047,0.020827285,0.049081203,0.155581347,0.436394014,0.697663338,0.990228309,1.430155298,1.586229548,0
1/1/2021,0.120470929,0.100300535,0.082365713,0.0408019,0.003483854,0.051799996,0.186591064,0.522938939,0.826538349,1.159689801,1.651009844,1.824009075,0
2/1/2021,0.062555171,0.051334751,0.042130611,0.025501958,0.032887885,0.153469562,0.342993082,0.753858689,1.103459261,1.477652359,2.021633263,2.212523409,0
3/1/2021,0.023814918,0.017898813,0.013905278,0.012359405,0.047560337,0.215367876,0.442703784,0.908232562,1.293575724,1.700954657,2.288845947,2.4947807,0
4/1/2021,0.016997299,0.0114716,0.007770867,0.006572931,0.040517025,0.200800208,0.417472739,0.860756724,1.227516014,1.615165756,2.174514251,2.370444585,0
5/1/2021,0.026653306,0.017396549,0.010144813,-0.000703289,0.017833301,0.15873966,0.365734884,0.803622496,1.171935217,1.564141201,2.132585889,2.331915972,0
6/1/2021,0.040538254,0.041027523,0.042819698,0.05523149,0.105571501,0.26898319,0.466896458,0.851755845,1.161800015,1.485447872,1.948936534,2.11099162,0
7/1/2021,0.063561563,0.056947627,0.051893618,0.045212697,0.063095653,0.179216312,0.345991542,0.695739373,0.988681424,1.3000389,1.750800246,1.908821046,0
8/1/2021,0.042120557,0.039906213,0.039044095,0.043781246,0.080000544,0.21952965,0.398400295,0.755847871,1.04803748,1.355150354,1.796802242,1.951379454,0
9/1/2021,0.024873582,0.031420336,0.038958123,0.06687298,0.141515417,0.334015073,0.544741621,0.932700592,1.235650315,1.547122277,1.988994559,2.143135126,0
10/1/2021,-0.002752586,0.022081233,0.046815192,0.120277441,0.262845988,0.525045229,0.752311145,1.106370548,1.352967597,1.591170231,1.915459471,2.02740851,0
11/1/2021,0.014510902,0.042619653,0.07032252,0.151011736,0.301713793,0.562974674,0.776797681,1.092738704,1.303361723,1.501393092,1.76585941,1.856696113,0
12/1/2021,0.020656895,0.059070006,0.096532007,0.203469896,0.394977251,0.703936879,0.937377421,1.254334231,1.449450971,1.623176922,1.845722445,1.921295076,0
1/1/2022,0.118094119,0.179890974,0.239453187,0.405568745,0.687991213,1.099585388,1.370688438,1.676557557,1.825669518,1.93293476,2.044148822,2.079417278,0
2/1/2022,0.123813868,0.231117031,0.330911969,0.590840368,0.973317812,1.408672486,1.62740815,1.825945171,1.913311542,1.97881355,2.055194195,2.080653856,0
3/1/2022,0.150271244,0.360097904,0.551329097,1.029068897,1.663089277,2.227511269,2.403855013,2.465038991,2.46044361,2.450208782,2.436788277,2.432297639,0
4/1/2022,0.428566176,0.661594659,0.87305828,1.397188283,2.082284189,2.682136991,2.873640527,2.959395211,2.972813698,2.978529945,2.984418126,2.986373914,2
5/1/2022,0.733194386,0.943377054,1.128601163,1.565556462,2.093936528,2.5460311,2.725339747,2.872197919,2.935269291,2.982574068,3.037762988,3.056159294,2
6/1/2022,1.261117402,1.617095676,1.889625338,2.390983223,2.771348387,2.963402355,3.023981388,3.072214167,3.092882558,3.108383849,3.126468689,3.132496969,2
7/1/2022,2.46904357,2.48772855,2.505648633,2.555125811,2.637269286,2.750898666,2.819642695,2.886286161,2.910503382,2.921126249,2.923496809,2.923230188,2
8/1/2022,2.421692787,2.713108365,2.933976134,3.316569376,3.510685514,3.457958702,3.399995927,3.348258779,3.325913974,3.309154494,3.289601763,3.283084186,2
9/1/2022,2.872741605,3.129744491,3.344609194,3.795689906,4.180494443,4.246674587,4.16053841,4.043943815,3.988604529,3.946866818,3.898163351,3.881928851,1
10/1/2022,3.716618751,4.013302044,4.228672034,4.564211941,4.652450194,4.493962155,4.397305975,4.315233803,4.279934568,4.253459684,4.222572319,4.21227653,1
11/1/2022,4.200754606,4.207959791,4.214619304,4.231591684,4.254134751,4.267546605,4.256888717,4.209981173,4.160681604,4.103494292,4.016581796,3.985765676,1
